Title,Category,Price,Rating,Availability,Description,UPC,Number_of_Reviews,Product_URL
The Widow,Mystery,£27.26,Two,In stock,"THE NEW YORK TIMESBESTSELLERFor fans of Gone Girl and The Girl on the Train, an electrifying thriller that will take you into the dark spaces that exist between a husband and a wife.When the police started asking questions, Jean Taylor turned into a different woman. One who enabled her and her husband to carry on, when more bad things began to happen... But that woman’s h THE NEW YORK TIMES BESTSELLERFor fans of Gone Girl and The Girl on the Train, an electrifying thriller that will take you into the dark spaces that exist between a husband and a wife.When the police started asking questions, Jean Taylor turned into a different woman. One who enabled her and her husband to carry on, when more bad things began to happen...   But that woman’s husband died last week. And Jean doesn’t have to be her anymore.   There’s a lot Jean hasn’t said over the years about the crime her husband was suspected of committing. She was too busy being the perfect wife, standing by her man while living with the accusing glares and the anonymous harassment.   Now there’s no reason to stay quiet. There are people who want to hear her story. They want to know what it was like living with that man. She can tell them that there were secrets. There always are in a marriage.   The truth—that’s all anyone wants. But the one lesson Jean has learned in the last few years is that she can make people believe anything… ...more",6159d8b187831770,0,https://books.toscrape.com/catalogue/the-widow_609/index.html
A Paris Apartment,Historical Fiction,£39.01,Four,In stock,"Bienvenue à Paris!When April Vogt's boss tells her about an apartment in the ninth arrondissement that has been discovered after being shuttered for the past seventy years, the Sotheby's continental furniture specialist does not hear the words “dust” or “rats” or “decrepit.” She hears Paris. She hears escape.Once in France, April quickly learns the apartment is not merely Bienvenue à Paris!When April Vogt's boss tells her about an apartment in the ninth arrondissement that has been discovered after being shuttered for the past seventy years, the Sotheby's continental furniture specialist does not hear the words “dust” or “rats” or “decrepit.” She hears Paris. She hears escape.Once in France, April quickly learns the apartment is not merely some rich hoarder's repository. Beneath the cobwebs and stale perfumed air is a goldmine, and not because of the actual gold (or painted ostrich eggs or mounted rhinoceros horns or bronze bathtub). First, there's a portrait by one of the masters of the Belle Epoque, Giovanni Boldini. And then there are letters and journals written by the very woman in the painting, Marthe de Florian. These documents reveal that she was more than a renowned courtesan with enviable decolletage. Suddenly April's quest is no longer about the bureaux plats and Louis-style armchairs that will fetch millions at auction. It's about discovering the story behind this charismatic woman.It's about discovering two women, actually.With the help of a salty (and annoyingly sexy) Parisian solicitor and the courtesan's private diaries, April tries to uncover the many secrets buried in the apartment. As she digs into Marthe's life, April can't help but take a deeper look into her own. Having left behind in the States a cheating husband, a family crisis about to erupt, and a career she's been using as the crutch to simply get by, she feels compelled to sort out her own life too. When the things she left bubbling back home begin to boil over, and Parisian delicacies beyond flaky pâtisseries tempt her better judgment, April knows that both she and Marthe deserve happy finales.Whether accompanied by croissants or champagne, this delectable debut novel depicts the Paris of the Belle Epoque and the present day with vibrant and stunning allure. Based on historical events, Michelle Gable's A Paris Apartment will entertain and inspire, as readers embrace the struggles and successes of two very unforgettable women. ...more",63343e287971bb0c,0,https://books.toscrape.com/catalogue/a-paris-apartment_612/index.html
Boar Island (Anna Pigeon #19),Mystery,£59.48,Three,In stock,"Bringing you a gripping mystery, Nevada Barr transports you to the wild and dangerous landscapes of America's National Parks and is sure to appeal if you like Sue Grafton and Janet Evanovich.The eighteenth sensational crime novel from New York Times bestselling author Nevada Barr featuring fearless park ranger Anna Pigeon as she battles to solve a heinous crime set amidst Bringing you a gripping mystery, Nevada Barr transports you to the wild and dangerous landscapes of America's National Parks and is sure to appeal if you like Sue Grafton and Janet Evanovich.The eighteenth sensational crime novel from New York Times bestselling author Nevada Barr featuring fearless park ranger Anna Pigeon as she battles to solve a heinous crime set amidst the wild and dangerous landscape of a US National Park. ...more",49b24c6a41b82bd2,0,https://books.toscrape.com/catalogue/boar-island-anna-pigeon-19_613/index.html
Can You Keep a Secret? (Fear Street Relaunch #4),Horror,£48.64,One,In stock,"How many nightmares begin in the Fear Street Woods?Eddie and Emma are high school sweethearts from the wrong side of the tracks. Looking for an escape from their dreary lives, they embark on an overnight camping trip with four friends in the Fear Street Woods.As Eddie carves a heart in a tree, he and Emma make a shocking discovery. It’s a discovery that will lead to the en How many nightmares begin in the Fear Street Woods?Eddie and Emma are high school sweethearts from the wrong side of the tracks. Looking for an escape from their dreary lives, they embark on an overnight camping trip with four friends in the Fear Street Woods.As Eddie carves a heart in a tree, he and Emma make a shocking discovery. It’s a discovery that will lead to the end of friendships—and to murder.Meanwhile, Emmy is having strange, terrifying dreams about wolves. Are her dreams connected somehow to the real wolf attacks that plague the town of Shadyside?Emmy, it seems, is about to make a horrifying discovery about herself… ...more",d069086944f2e330,0,https://books.toscrape.com/catalogue/can-you-keep-a-secret-fear-street-relaunch-4_614/index.html
Dirty (Dive Bar #1),Romance,£40.83,Four,In stock,"The last thing Vaughan Hewson expects to find when he returns to his childhood home is a broken hearted bride in his shower, let alone the drama and chaos that comes with her.Lydia Green doesn't know whether to burn down the church or sit and cry in a corner. Discovering the love of your life is having an affair on your wedding day is bad enough. Finding out it's with his The last thing Vaughan Hewson expects to find when he returns to his childhood home is a broken hearted bride in his shower, let alone the drama and chaos that comes with her.Lydia Green doesn't know whether to burn down the church or sit and cry in a corner. Discovering the love of your life is having an affair on your wedding day is bad enough. Finding out it's with his best man is another thing all together. She narrowly escapes tying the knot and meets Vaughan only hours later.Vaughan is the exact opposite of the picture perfect, respected businessman she thought she'd marry. This former musician-turned-bartender is rough around the edges and unsettled. But she already tried Mr. Right and discovered he's all wrong-maybe it's time to give Mr. Right Now a chance.After all, what's wrong with getting dirty? ...more",df7e628bad5782b4,0,https://books.toscrape.com/catalogue/dirty-dive-bar-1_615/index.html
Equal Is Unfair: America's Misguided Fight Against Income Inequality,Politics,£56.86,One,In stock,"We’ve all heard that the American Dream is vanishing, and that the cause is rising income inequality. The rich are getting richer by rigging the system in their favor, leaving the rest of us to struggle just to keep our heads above water. To save the American Dream, we’re told that we need to fight inequality through tax hikes, wealth redistribution schemes, and a far high We’ve all heard that the American Dream is vanishing, and that the cause is rising income inequality. The rich are getting richer by rigging the system in their favor, leaving the rest of us to struggle just to keep our heads above water. To save the American Dream, we’re told that we need to fight inequality through tax hikes, wealth redistribution schemes, and a far higher minimum wage.But what if that narrative is wrong? What if the real threat to the American Dream isn’t rising income inequality—but an all-out war on success?In Equal is Unfair, a timely and thought-provoking work, Don Watkins and Yaron Brook reveal that almost everything we’ve been taught about inequality is wrong. You’ll discover:• why successful CEOs make so much money—and deserve to• how the minimum wage hurts the very people it claims to help• why middle-class stagnation is a myth• how the little-known history of Sweden reveals the dangers of forced equality• the disturbing philosophy behind Obama’s economic agenda.The critics of inequality are right about one thing: the American Dream is under attack. But instead of fighting to make America a place where anyone can achieve success, they are fighting to tear down those who already have. The real key to making America a freer, fairer, more prosperous nation is to protect and celebrate the pursuit of success—not pull down the high fliers in the name of equality. ...more",3968e3fbf4695d7c,0,https://books.toscrape.com/catalogue/equal-is-unfair-americas-misguided-fight-against-income-inequality_617/index.html
Eleanor & Park,Default,£56.51,Five,In stock,"Two misfits.One extraordinary love.Eleanor... Red hair, wrong clothes. Standing behind him until he turns his head. Lying beside him until he wakes up. Making everyone else seem drabber and flatter and never good enough...Eleanor.Park... He knows she'll love a song before he plays it for her. He laughs at her jokes before she ever gets to the punch line. There's a place on Two misfits.One extraordinary love.Eleanor... Red hair, wrong clothes. Standing behind him until he turns his head. Lying beside him until he wakes up. Making everyone else seem drabber and flatter and never good enough...Eleanor.Park... He knows she'll love a song before he plays it for her. He laughs at her jokes before she ever gets to the punch line. There's a place on his chest, just below his throat, that makes her want to keep promises...Park.Set over the course of one school year, this is the story of two star-crossed sixteen-year-olds—smart enough to know that first love almost never lasts, but brave and desperate enough to try. ...more",6983328f15506cb9,0,https://books.toscrape.com/catalogue/eleanor-park_616/index.html
Everyday Italian: 125 Simple and Delicious Recipes,Food and Drink,£20.10,Five,In stock,"In her hit Food Network show Everyday Italian, Giada De Laurentiis shows you how to cook delicious, beautiful food in a flash. And here, in her long-awaited first book, she does the same—helps you put a fabulous dinner on the table tonight, for friends or just for the kids, with a minimum of fuss and a maximum of flavor. She makes it all look easy, because it is. Everyday In her hit Food Network show Everyday Italian, Giada De Laurentiis shows you how to cook delicious, beautiful food in a flash. And here, in her long-awaited first book, she does the same—helps you put a fabulous dinner on the table tonight, for friends or just for the kids, with a minimum of fuss and a maximum of flavor. She makes it all look easy, because it is. Everyday Italian is true to its title: the fresh, simple recipes are incredibly quick and accessible, and also utterly mouth-watering—perfect for everyday cooking. And the book is focused on the real-life considerations of what you actually have in your refrigerator and pantry (no mail-order ingredients here) and what you’re in the mood for—whether a simply sauced pasta or a hearty family-friendly roast, these great recipes cover every contingency. So, for example, you’ll find dishes that you can make solely from pantry ingredients, or those that transform lowly leftovers into exquisite entrées (including brilliant ideas for leftover pasta), and those that satisfy your yearning to have something sweet baking in the oven. There are 7 ways to make red sauce more interesting, 6 different preparations of the classic cutlet, 5 perfect pestos, 4 creative uses for prosciutto, 3 variations on basic polenta, 2 great steaks, and 1 sublime chocolate tiramisù—plus 100 other recipes that turn everyday ingredients into speedy but special dinners.What’s more, Everyday Italian is organized according to what type of food you want tonight—whether a soul-warming stew for Sunday supper, a quick sauté for a weeknight, or a baked pasta for potluck. These categories will help you figure out what to cook in an instant, with such choices as fresh-from-the-pantry appetizers, sauceless pastas, everyday roasts, and stuffed vegetables—whatever you’re in the mood for, you’ll be able to find a simple, delicious recipe for it here. That’s the beauty of Italian home cooking, and that’s what Giada De Laurentiis offers here—the essential recipes to make a great Italian dinner. Tonight. ...more",76319fe9d8b465a3,0,https://books.toscrape.com/catalogue/everyday-italian-125-simple-and-delicious-recipes_618/index.html
Furiously Happy: A Funny Book About Horrible Things,Nonfiction,£41.46,Four,In stock,"In LET'S PRETEND THIS NEVER HAPPENED, Jenny Lawson baffled readers with stories about growing up the daughter of a taxidermist. In her new book, FURIOUSLY HAPPY, Jenny explores her lifelong battle with mental illness. A hysterical, ridiculous book about crippling depression and anxiety? That sounds like a terrible idea. And terrible ideas are what Jenny does best.According In LET'S PRETEND THIS NEVER HAPPENED, Jenny Lawson baffled readers with stories about growing up the daughter of a taxidermist. In her new book, FURIOUSLY HAPPY, Jenny explores her lifelong battle with mental illness. A hysterical, ridiculous book about crippling depression and anxiety? That sounds like a terrible idea. And terrible ideas are what Jenny does best.According to Jenny: ""Some people might think that being 'furiously happy' is just an excuse to be stupid and irresponsible and invite a herd of kangaroos over to your house without telling your husband first because you suspect he would say no since he's never particularly liked kangaroos. And that would be ridiculous because no one would invite a herd of kangaroos into their house. Two is the limit. I speak from personal experience. My husband says that none is the new limit. I say he should have been clearer about that before I rented all those kangaroos.""""Most of my favorite people are dangerously fucked-up but you'd never guess because we've learned to bare it so honestly that it becomes the new normal. Like John Hughes wrote in The Breakfast Club, 'We're all pretty bizarre. Some of us are just better at hiding it.' Except go back and cross out the word 'hiding.'""Jenny's first book, LET'S PRETEND THIS NEVER HAPPENED, was ostensibly about family, but deep down it was about celebrating your own weirdness. FURIOUSLY HAPPY is a book about mental illness, but under the surface it's about embracing joy in fantastic and outrageous ways-and who doesn't need a bit more of that? ...more",c6a29d6df8de968c,0,https://books.toscrape.com/catalogue/furiously-happy-a-funny-book-about-horrible-things_619/index.html
Off the Hook (Fishing for Trouble #1),Romance,£47.67,Three,In stock,"Welcome to The Buoys, a West Coast haven where love comes in with the tide. Perfect for readers of Jill Shalvis and Susan Mallery, the Fishing for Trouble series features three unforgettable brothers—each of whom is a great catch.Major league pitcher Liam O'Donnell knows his best days are probably behind him, but that doesn't mean he's ready to retire and become a fishing Welcome to The Buoys, a West Coast haven where love comes in with the tide. Perfect for readers of Jill Shalvis and Susan Mallery, the Fishing for Trouble series features three unforgettable brothers—each of whom is a great catch.Major league pitcher Liam O'Donnell knows his best days are probably behind him, but that doesn't mean he's ready to retire and become a fishing guide. Still, after all the time he's spent chasing his dreams, he owes it to his brothers to pull his weight around the lodge. The Buoys is their father's legacy, and they can't let some developer take it from them. The one snag Liam isn't counting on is a blast from the past: his ex-wife.The moment Kate Hadley steps out of the seaplane, she knows this assignment is going to be trickier than she thought. She has to persuade the owners to sell—and one of them is Liam O'Donnell. Ten years ago, she made the biggest mistake of her life when she married Liam during a fling in Vegas. Now he's her only lifeline in the middle of nowhere. Kate's trying to keep things cool, but Liam just reminds her of the scorching few nights they spent together—and tempts her to make new memories that are just as steamy as the old. ...more",b783ce08802cd1d1,0,https://books.toscrape.com/catalogue/off-the-hook-fishing-for-trouble-1_601/index.html
Playing with Fire,Mystery,£13.71,Three,In stock,"A beautiful violinist is haunted by a very old piece of music she finds in a strange antique shop in Rome.The first time Julia Ansdell picks up The Incendio Waltz, she knows it’s a strikingly unusual composition. But while playing the piece, Julia blacks out and awakens to find her young daughter implicated in acts of surprising violence. And when she travels to Venice to A beautiful violinist is haunted by a very old piece of music she finds in a strange antique shop in Rome.The first time Julia Ansdell picks up The Incendio Waltz, she knows it’s a strikingly unusual composition. But while playing the piece, Julia blacks out and awakens to find her young daughter implicated in acts of surprising violence. And when she travels to Venice to find the previous owner of the music, she uncovers a dark secret that involves dangerously powerful people—a family who would stop at nothing to keep Julia from bringing the truth to light. ...more",05a61a3bd8ca4149,0,https://books.toscrape.com/catalogue/playing-with-fire_602/index.html
Sleeping Giants (Themis Files #1),Science Fiction,£48.74,One,In stock,"A page-turning debut in the tradition of Michael Crichton, World War Z, and The Martian, Sleeping Giants is a thriller fueled by an earthshaking mystery—and a fight to control a gargantuan power.A girl named Rose is riding her new bike near her home in Deadwood, South Dakota, when she falls through the earth. She wakes up at the bottom of a square hole, its walls glowing w A page-turning debut in the tradition of Michael Crichton, World War Z, and The Martian, Sleeping Giants is a thriller fueled by an earthshaking mystery—and a fight to control a gargantuan power.A girl named Rose is riding her new bike near her home in Deadwood, South Dakota, when she falls through the earth. She wakes up at the bottom of a square hole, its walls glowing with intricate carvings. But the firemen who come to save her peer down upon something even stranger: a little girl in the palm of a giant metal hand.Seventeen years later, the mystery of the bizarre artifact remains unsolved—its origins, architects, and purpose unknown. Its carbon dating defies belief; military reports are redacted; theories are floated, then rejected.But some can never stop searching for answers.Rose Franklin is now a highly trained physicist leading a top secret team to crack the hand’s code. And along with her colleagues, she is being interviewed by a nameless interrogator whose power and purview are as enigmatic as the provenance of the relic. What’s clear is that Rose and her compatriots are on the edge of unraveling history’s most perplexing discovery—and figuring out what it portends for humanity. But once the pieces of the puzzle are in place, will the result prove to be an instrument of lasting peace or a weapon of mass destruction? ...more",f435aa99d864077d,0,https://books.toscrape.com/catalogue/sleeping-giants-themis-files-1_604/index.html
"Setting the World on Fire: The Brief, Astonishing Life of St. Catherine of Siena",Biography,£21.15,Two,In stock,"One of only two patron saints of Italy, the other being St. Francis of Assisi, St. Catherine was ahead of her time. As a political powerhouse in late 14th century Europe, a time of war, social unrest and one of the worst natural disasters of all time--the plague, she worked for peace between Christians while campaigning for a holy crusade against Muslims. She was illiterat One of only two patron saints of Italy, the other being St. Francis of Assisi, St. Catherine was ahead of her time. As a political powerhouse in late 14th century Europe, a time of war, social unrest and one of the worst natural disasters of all time--the plague, she worked for peace between Christians while campaigning for a holy crusade against Muslims. She was illiterate but grew into a great writer by dictating to assistants. She was frail and punished herself mercilessly, often starving herself, while offering moral guidance and inspiration to kings, queens and popes.It's easy to see why feminists through the years have sought to claim the patronage of St. Catherine. From her refusal to marry to her assertion that her physical appearance was of no importance, the famous Saint is ripe for modern interpretation. She was a peacemaker during Siena's revolution of 1368, sometimes addressing thousands of people in squares and streets; she convinced Pope Gregory XI to return the papacy to Rome at a time when the Catholic Church was unraveling.How did this girl, the second-youngest of 25 children of a middle-class dyer, grow to become one of the most beloved spiritual figures of all time, a theological giant to rank alongside the likes of Thomas Aquinas? InSetting the World on Fire, Emling gives an intimate portrayal of this fascinating and revolutionary woman. ...more",b06599b108e83f98,0,https://books.toscrape.com/catalogue/setting-the-world-on-fire-the-brief-astonishing-life-of-st-catherine-of-siena_603/index.html
"A la Mode: 120 Recipes in 60 Pairings: Pies, Tarts, Cakes, Crisps, and More Topped with Ice Cream, Gelato, Frozen Custard, and More",Food and Drink,£38.77,One,In stock,"Are you ready to take your baking over the top? Here are sixty decadent and delightful ice creams and the sixty desserts that are their vehicles. A la Mode offers not just solid dessert recipes, from raspberry oat bars to bear claws, from chocolate pecan pie to a white chocolate pavlova, but also gives you the unforgettable pairings that make these desserts smash hits: app Are you ready to take your baking over the top? Here are sixty decadent and delightful ice creams and the sixty desserts that are their vehicles. A la Mode offers not just solid dessert recipes, from raspberry oat bars to bear claws, from chocolate pecan pie to a white chocolate pavlova, but also gives you the unforgettable pairings that make these desserts smash hits: apple cranberry pie with Camembert ice cream, chocolate sheet cake with salt caramel frozen custard, and espresso cream jelly roll with mascarpone ice cream.Let's face it: vanilla can sometimes be so... vanilla. A great a-la-mode pairing should be as decadent as finding the perfect wine to go with your cheese plate. With A la Mode, IACP winners and cookbook dynamos Bruce Weinstein and Mark Scarbrough show you how to create innovative delights such as creamy hazelnut gelato atop coffee-poached pears, or maple frozen custard with a mouthwatering cinnamon roll cake, alongside simpler classics like confetti ice cream with layered vanilla birthday cake. You haven't lived until you've had peanut brittle pie with popcorn ice cream, a Cracker Jack fantasy!Because what's a warm pie without ice cream? With A la Mode, you'll have to answer that question! ...more",a4eef523118805ef,0,https://books.toscrape.com/catalogue/a-la-mode-120-recipes-in-60-pairings-pies-tarts-cakes-crisps-and-more-topped-with-ice-cream-gelato-frozen-custard-and-more_611/index.html
Troublemaker: Surviving Hollywood and Scientology,Default,£48.39,Two,In stock,"The outspoken actress, talk show host, and reality television star offers up a no-holds-barred memoir, including an eye-opening insider account of her tumultuous and heart-wrenching thirty-year-plus association with the Church of Scientology.Leah Remini has never been the type to hold her tongue. That willingness to speak her mind, stand her ground, and rattle the occasion The outspoken actress, talk show host, and reality television star offers up a no-holds-barred memoir, including an eye-opening insider account of her tumultuous and heart-wrenching thirty-year-plus association with the Church of Scientology.Leah Remini has never been the type to hold her tongue. That willingness to speak her mind, stand her ground, and rattle the occasional cage has enabled this tough-talking girl from Brooklyn to forge an enduring and successful career in Hollywood. But being a troublemaker has come at a cost.That was never more evident than in 2013, when Remini loudly and publicly broke with the Church of Scientology. Now, in this frank, funny, poignant memoir, the former King of Queens star opens up about that experience for the first time, revealing the in-depth details of her painful split with the church and its controversial practices.Indoctrinated into the church as a child while living with her mother and sister in New York, Remini eventually moved to Los Angeles, where her dreams of becoming an actress and advancing Scientology’s causes grew increasingly intertwined. As an adult, she found the success she’d worked so hard for, and with it a prominent place in the hierarchy of celebrity Scientologists alongside people such as Tom Cruise, Scientology’s most high-profile adherent. Remini spent time directly with Cruise and was included among the guests at his 2006 wedding to Katie Holmes.But when she began to raise questions about some of the church’s actions, she found herself a target. In the end, she was declared by the church to be a threat to their organization and therefore a “Suppressive Person,” and as a result, all of her fellow parishioners—including members of her own family—were told to disconnect from her. Forever.Bold, brash, and bravely confessional, Troublemaker chronicles Leah Remini’s remarkable journey toward emotional and spiritual freedom, both for herself and for her family. This is a memoir designed to reveal the hard-won truths of a life lived honestly—from an author unafraid of the consequences. ...more",515cb8fcafb1ad98,0,https://books.toscrape.com/catalogue/troublemaker-surviving-hollywood-and-scientology_610/index.html
Take Me Home Tonight (Rock Star Romance #3),Romance,£53.98,Three,In stock,"A rocker gets a taste of unexpected passion in the latest red-hot Rock Star Romance from the award-winning author of I Want You to Want Me. Calix Bourbon might seem like a free spirit, but that’s all a front. In reality he’s just trying to keep his fractured family together while working as a session musician. When Blue Fire hires him to replace their keyboardist, Calix i A rocker gets a taste of unexpected passion in the latest red-hot Rock Star Romance from the award-winning author of I Want You to Want Me.   Calix Bourbon might seem like a free spirit, but that’s all a front. In reality he’s just trying to keep his fractured family together while working as a session musician. When Blue Fire hires him to replace their keyboardist, Calix is determined to make the most of the opportunity—but he can’t help being distracted by the band’s sexy personal chef.   Mimi’s temporary gig is great, but she has her heart set on auditioning for a televised cooking show. There’s just one problem: she only has a week to acquire the skills necessary to survive the competition. Luckily, the band’s new keyboard player can teach her exactly what she needs, in the kitchen and in the bedroom... ...more",cf62fa272b5f0fa3,0,https://books.toscrape.com/catalogue/take-me-home-tonight-rock-star-romance-3_605/index.html
The Art of Startup Fundraising,Business,£21.00,Three,In stock,"The Art of Startup Fundraising takes a fresh look at raising money for startups, with a focus on the changing face of startup finance. New regulations are making the old go-to advice less relevant, as startup money is increasingly moving online. These new waters are all but uncharted—and founders need an accessible guide. This book helps you navigate the online world of st The Art of Startup Fundraising takes a fresh look at raising money for startups, with a focus on the changing face of startup finance. New regulations are making the old go-to advice less relevant, as startup money is increasingly moving online. These new waters are all but uncharted—and founders need an accessible guide. This book helps you navigate the online world of startup fundraising with easy-to-follow explanations and expert perspective on the new digital world of finance. You'll find tips and tricks on raising money and investing in startups from early stage to growth stage, and develop a clear strategy based on the new realities surrounding today's startup landscape.The finance world is in a massive state of flux. Changes are occurring at an increasing pace in all sectors, but few more intensely than the startup sphere. When the paradigm changes, your processes must change with it. This book shows you how startup funding works, with expert coaching toward the new rules on the field.-Learn how the JOBS Act impacts the fundraising model-Gain insight on startups from early stage to growth stage-Find the money you need to get your venture going-Craft your pitch and optimize the strategy-Build momentum-Identify the right investors-Avoid the common mistakesDon't rely on the ""how we did it"" tales from superstar startups, as these stories are unique and applied to exceptional scenarios. The game has changed, and playing by the old rules only gets you left behind. Whether you're founding a startup or looking to invest, The Art of Startup Fundraising provides the up-to-the-minute guidance you need.PRAISE FOR THE ART OF STARTUP FUNDRAISING:“The Art of Startup Fundraising is a must read for anyone who even considers starting a business. Fundraising is hard. This book gives you the roadmap to get where you are going. Alejandro Cremades speaks with wisdom and from experience.“ - Tim Draper , Founder of Draper Associates, DFJ, and Draper University.""The Art of Startup Fundraising should be a mandatory reading for entrepreneurs that are looking to raise capital. This book will enable Alejandro to help many more early stage companies answer the tough questions when fundraising."" - Marco Landi, Former Chief Operating Officer at Apple and Chairman at Atlantis Ventures""Raising capital is often the most daunting and least understood aspects of starting a new business and there are few people more experienced than Alejandro Cremades to act as a guide. The Art of Startup Fundraising unlocks key secrets of fundraising for newly minted entrepreneurs."" - Jeff Stibel, Chairman of BrainGate, Inc. and Vice Chairman of Dun & Bradstreet, Inc.; New York Times bestselling author of Breakpoint and Wired for Thought.""This book provides a clear, concise tour of the fundraising game. With his crowdfunding and entrepreneurial expertise in full display, Cremades does a terrific job making a complicated process simple and accessible."" - Jeff Bussgang, General Partner at Flybridge Capital Partners and Senior Lecturer at Harvard Business School“Entrepreneurs need to be amazing at recruiting, selling and fundraising. The Art of Startup Fundraising provides the essential toolkit for mastering a core skill for any entrepreneur.” - Gil Penchina, serial entrepreneur and prolific angel investor“For many entrepreneurs finding the right investor for their venture can be a daunting task. Alejandro's experience with equity crowdfunding gives a unique perspective on the fundraising game. The Art of Startup Fundraising is very insightful for entrepreneurs looking to close a round of financing and changing the world.” - Anyndya Ghose, Professor at NYU Stern School of Business“There is no perfect approach to raising investment for a startup, but there is a certain tribal knowledge out there, that most of us had to learn through several failed attempts. The Art of Startup Fundraising captures every bit of advice (and then some!) that I would give to any entrepreneur looking for funding.” - Paul Murphy, Partner at Betaworks and CoFounder of Playdots“Alejandro's The Art of Startup Fundraising is a must read for any entrepreneur. Clear and concise, he outlines in today's startup community the steps to successfully fundraise. This is the golden era for entrepreneurs, any good idea with proof of concept can get access to money. Know your options!” - Angelo J. Robles, Founder and CEO of Family Office Association“It doesn't matter how great of a business you can build. If you can't raise money, you're toast. Master this book.” - Ilya Pozin, Forbes Contributor and CoFounder of Pluto TV and CoFounder of Coplex""The Art of Startup Fundraising translates art into science. By sharing proven formulas, strategies, and case studies that work, Alejandro Cremades provides a needed service to future entrepreneurs."" - Josh Cohen, Managing Partner at City Light Capital“This ought to be a reading requirement for all entrepreneurs when building a business and raising capital. This is a very well written and informative book, written by a man who is a testament to dedication and creativity when confronted with the challenges of being an entrepreneur and raising capital.” - Carter Caldwell, serial entrepreneur and Principal at Cross Atlantic Capital Partners“Alejandro is on the bleeding edge of equity crowdfunding today. When he talks about fundraising, startups listen.” - Andrew Ackerman, Managing Director at Dreamit Ventures“Raising capital can be tough. Alejandro provides a step-by-step guidebook to all entrepreneurs that rather spend their time thinking about changing the world instead of thinking of how to raise funds.” - Tobias P. Schirmer, Managing Partner of JOIN Capital ""A superb book on fundraising. Alejandro's guidance should arm entrepreneurs with the necessary tools to close with success a meaningful round of financing."" - Ellen Weber, Executive Director at Robin Hood Ventures“The Art of Startup Fundraising is a practical and comprehensive resource for entrepreneurs to use again and again. It captures what startups need to do to be successful in the rapidly evolving financing world, while also providing tips on the fundamentals of building businesses that don’t change over time.” - Marianne Hudson, Executive Director at Angel Capital Association“Raising money is hard. But start-up founders all over the world can make it exponentially easier by educating themselves on the process of raising equity capital before they dive into it. The practical, hands-on advice from Alejandro Cremades in this book provides a solid foundation in that self-education process. Delivered in an approachable format with a key lesson to take-away every few pages, “The Art of Startup Fundraising” is essential reading for entrepreneurs everywhere.” - Allen Taylor, Managing Director at Endeavor ...more",1c584f82a7a1c4f0,0,https://books.toscrape.com/catalogue/the-art-of-startup-fundraising_606/index.html
Dress Your Family in Corduroy and Denim,Humor,£43.68,Three,In stock,"David Sedaris returns to his deliriously twisted domain: hilarious childhood dramas infused with melancholy; the gulf of misunderstanding that exists between people of different nations or members of the same family; and the poignant divide between one's best hopes and most common deeds. The family characters his readers love are all here, as well as the unique terrain the David Sedaris returns to his deliriously twisted domain: hilarious childhood dramas infused with melancholy; the gulf of misunderstanding that exists between people of different nations or members of the same family; and the poignant divide between one's best hopes and most common deeds. The family characters his readers love are all here, as well as the unique terrain they inhabit, strewn with comic landmines. 'The Rooster' is back, and getting married in the funniest wedding ever described. David attends a slumber party and gets the upper hand in a unique version of strip poker. 'Rubber or plastic?' The strangest questions can tear people apart. A skinny guy from Spain, wearing a bishop's hat and accompanied by six to eight men, invades your house and pretends to kick you. Is this any way to spend Christmas? With this new book, Sedaris's prose reaches breathtaking new heights and marks off a territory that is unmistakably his own. Read it and weep tears of humane laughter. ...more",7e9068872228c474,0,https://books.toscrape.com/catalogue/dress-your-family-in-corduroy-and-denim_562/index.html
Don't Forget Steven,Young Adult,£33.23,One,In stock,"By the author of Ruby, Between the Cracks, a winner of the Top Ten Best Books for Teens 2015 award, this unflinching look at Steven's life will stick with you long after you put it down.He never told what went on behind closed doors. But this time, he can’t remember.Things never have been easy for Steven. He accepts that, and just makes the best of things. He might not hav By the author of Ruby, Between the Cracks, a winner of the Top Ten Best Books for Teens 2015 award, this unflinching look at Steven's life will stick with you long after you put it down.He never told what went on behind closed doors. But this time, he can’t remember.Things never have been easy for Steven. He accepts that, and just makes the best of things. He might not have parents or a happy home. Or enough to eat most days. But at least he has a couple of loyal friends who stand by him and help out when they can. At least he has school, someplace he can go to escape the abuse.But just when he thought things couldn't get much worse, they did.Steven is accused of murder. But that isn't the worst part. The really bad part is not even knowing if he did . ...more",e845d305f64154f1,0,https://books.toscrape.com/catalogue/dont-forget-steven_561/index.html
"Fruits Basket, Vol. 9 (Fruits Basket #9)",Sequential Art,£33.95,Four,In stock,"Finally - summer has arrived! While Tohru struggles through bipolar days of hope and anxiety, what will happen when Yuki comes face-to-face with the new member of the student council? Meanwhile, who is that Uo-chan's hanging out with? Is she c-r-a-z-y in love? In a bonus feature, Hana-chan's past is finally disclosed!",97187f5cf0385da3,0,https://books.toscrape.com/catalogue/fruits-basket-vol-9-fruits-basket-9_563/index.html
If I Gave You God's Phone Number....: Searching for Spirituality in America,Spirituality,£20.91,One,In stock,"If I Gave You God’s Phone Number… - Survey reveals people's relationships with their CreatorWhat do a Cherokee Medicine Woman, a Death Row inmate, an Afghani Sufi Mystic, a Catholic, a Jew, several praying kids, and Mare Cromwell have in common? They all feel strongly about who or what they think God is, why things happen the way they do, and what will become of us in the If I Gave You God’s Phone Number… - Survey reveals people's relationships with their CreatorWhat do a Cherokee Medicine Woman, a Death Row inmate, an Afghani Sufi Mystic, a Catholic, a Jew, several praying kids, and Mare Cromwell have in common? They all feel strongly about who or what they think God is, why things happen the way they do, and what will become of us in the future. They question, praise and criticize God in the hopes of better understanding themselves and others. In a world challenged by economic issues, climate change, war, and constant threat of terrorism, people are pausing from their daily routines to ask the deeper questions and wonder about the divine and mysterious nature of their Creator.In this book, author and spiritual seeker Mare Cromwell interviews people from all walks of life, asking, “If I gave you God’s phone number, what would you do with it?” This spiritual memoir, framed by twenty-one interviews with people from all walks of life, combines the oral tradition of Studs Terkel with the soulful searchings of Neale Donald Welsh. If I gave you God’s phone number… offers the reader what only the best books offer—windows into the most authentic reaches of the soul. Cromwell’s conscientious selection of interview subjects, and her deft questioning, which presses them to go deeper and deeper, is what lends the book its striking range. This diorama of spiritual postures—some passionate, some highly intellectualized—is impossible to look away from, infects the reader with a fever of curiosity about the human condition, and then proceeds to administer the careful cure: vivid, compelling testimony. Not only do her many subjects nourish the reader by their telling, but Cromwell too provides ongoing doses of self-revelation, a gesture of honesty that unifies and strengthens the whole picture. Reading If I gave you God’s phone number…. will enrich your view of spiritual life—in all its radiant variety—forever.What people are saying about If I gave you God’s phone number…""I strongly recommend this engaging, thought-provoking book. It is distinguished by Ms. Cromwell's empathy for the interesting and diverse people she searched out to interview about their communication with God. Readers will be stimulated to reflect on their own spiritual journey as well as the author's own experiences and those of the people she has interviewed. Because of Ms. Cromwell's personal candor and insights, I continue to ponder the central question she asked her interviewees in this important and unusual book."" –James Crowfoot, Ph.D., Professor and Dean Emeritus, University of Michigan and former President of Antioch College“Mare Cromwell has done a wonderful job of bringing people's personal views on God and spirituality to the public in this book. These stories will deepen our understanding of the diversity of spirituality in the human experience.”–Garrett Sarley, President of the Omega Institute, author of ""The Essentials of Yoga"" and ""Walking Yoga""ABOUT THE AUTHOR: Mare Cromwell is an author, poet, gardener and environmentalist. A spiritual seeker for many years, she received a Masters in Natural Resources from the University of Michigan and worked internationally before starting this book. Seven years of interviewing along with a personal intensive search for spiritual meaning culminated in this treatise. Currently a professional gardener, Mare resides in Baltimore, Maryland, where she occasionally leads talks and workshops on spirituality, environmental sustainability and simplicity. ...more",8fab4c4f6f82a4ce,0,https://books.toscrape.com/catalogue/if-i-gave-you-gods-phone-number-searching-for-spirituality-in-america_564/index.html
Modern Day Fables,Default,£47.44,Two,In stock,"It is difficult to accurately summarize eleven very different stories, each of which stands alone. However, if there is a recurring theme in Modern Day Fables it is that of the eternal conflict between the individual and society, between the unique and the formulaic. Each story, or fable, looks at the issue from a different angle, and does so specifically within the contex It is difficult to accurately summarize eleven very different stories, each of which stands alone. However, if there is a recurring theme in Modern Day Fables it is that of the eternal conflict between the individual and society, between the unique and the formulaic. Each story, or fable, looks at the issue from a different angle, and does so specifically within the context of the current way of thinking in the world.• The book’s first story, Screen, takes place in the near future where a technological innovation allows for the majority of life to be lived inside a virtual world. As life in the real world becomes more and more scarce, and a strange illness starts spreading throughout the population, a young woman named Misha finds herself drawn deep into the true nature of a sinister company called SciTech.• In The IV Club, a new extracurricular group forms at Glenwood High. Led by a charismatic teacher, it promises relief from suffering through the recognition that we are all innocent victims. While it catches on like wildfire throughout the school and beyond, one student’s skepticism leads her to uncover what the aim of the club really is.• A young man who has recently graduated college finds himself struggling with where to go in his life in the story, Precipice. After Jake ends up aimlessly walking the campus of his old university one night with a friend, what starts as a nostalgic trip down memory lane quickly turns into a nightmare. A mysterious ally, hostile pursuers, and some suddenly not-so-familiar faces lead him to the verge of a decision that will decide his fate.Within these stories, as well as the rest in the book, you will see the ideals and expectations of society destroy some characters, as well as be exploited by others for power. But most importantly you will find those rare individuals who discover the courage inherent within them to stand apart from the status quo. They are not fearless heroes, but normal everyday people, conflicted yet confident, fearful yet bold. It is within these characters that lessons of the fables lie. ...more",6baac632f7711e26,0,https://books.toscrape.com/catalogue/modern-day-fables_565/index.html
Nap-a-Roo,Childrens,£25.08,One,In stock,"Finalist, 9th Annual National Indie Excellence Awards Fast, fun, and engaging, this book makes sleepy time special for children and parents alike. Follow the kangaroo through the zoo as he gets ready for a nap-a-roo. Little ones can't get enough of this adorable modern book that centers around naps. With colorful images and imaginative text, this story is easy to fall in l Finalist, 9th Annual National Indie Excellence Awards Fast, fun, and engaging, this book makes sleepy time special for children and parents alike. Follow the kangaroo through the zoo as he gets ready for a nap-a-roo. Little ones can't get enough of this adorable modern book that centers around naps. With colorful images and imaginative text, this story is easy to fall in love with. Children will enjoy taking a nap-a-roo just like the kangaroo. ...more",913e7109cec0cb4c,0,https://books.toscrape.com/catalogue/nap-a-roo_567/index.html
Suzie Snowflake: One beautiful flake (a self-esteem story),Novels,£54.81,Five,In stock,"Follow Suzie on a magical journey of discovering her true self worth within.A beautifully illustrated self-esteem story for all ages!Suzie Snowflake struggles with what she sees as ""flaws"" and ""imperfections"" in her beautiful design. ""How can I notice my outer is bright, when there are parts of myself I don't really like?""Through the love and wisdom of her parents, Suzie d Follow Suzie on a magical journey of discovering her true self worth within.﻿A beautifully illustrated self-esteem story for all ages!﻿﻿﻿Suzie Snowflake struggles with what she sees as ""flaws"" and ""imperfections"" in her beautiful design. ""How can I notice my outer is bright, when there are parts of myself I don't really like?""Through the love and wisdom of her parents, Suzie discovers her true inner beauty and light. ""It's who you are inside that counts, your inner light that shines through, and who you are outside is wondrous too.""""Look at your art, look at your design, six magical sides, created one of a kind!""""Suzie dear, we love you for you. Each and every single part of you too!""A wonderful affirmation of the importance of self-love and uniqueness; nurturing to every child. Coupled with 36 uplifting, awe-inspiring illustrations!Crystaline Rose is a teacher and children’s book author. She has read her books to thousands of children in classrooms and book readings. They are met with ‘Aha’ moments, appreciation and excitement. “The illustrations are magical and the story has meaning!” ""It's my favorite book ever!"" Parents share that their children are asking for “the rainbow book!” and look forward to reading it again and again."" ""This is more than a children's book"" ""There is inspiration and hope to be found at any age."" ...more",0e095ed785af7e43,0,https://books.toscrape.com/catalogue/suzie-snowflake-one-beautiful-flake-a-self-esteem-story_568/index.html
"NaNo What Now? Finding your editing process, revising your NaNoWriMo book and building a writing career through publishing and beyond",Default,£10.41,Four,In stock,"You’ve just completed a novel during the National Novel Writing Month challenge! Or maybe you completed part of one. Or signed up with really good intentions and then only wrote a couple of words. Either way, you’re staring at 30 days worth of words and wondering… What now? How exactly do you start a revision and discover your editing process? How do you know if you’re rea You’ve just completed a novel during the National Novel Writing Month challenge! Or maybe you completed part of one. Or signed up with really good intentions and then only wrote a couple of words. Either way, you’re staring at 30 days worth of words and wondering… What now? How exactly do you start a revision and discover your editing process? How do you know if you’re ready to hire an editor? How do you motivate yourself when faced with draft dread or editing blocks? How can you translate what you’ve accomplished so far into a professional writing career? From tips for finding beta readers, exploration of traditional vs. self-publishing, and strategies to motivate yourself to keep writing regularly post-NaNoWriMo, NaNo What Now? is a quick and easy-to-read unofficial guide to the next steps. In a sea of general writing advice, NaNo ML and multi-year veteran Hillary DePiano offers practical and specific solutions tailored to the unique nature of the NaNoWriMo challenge and holds your hand through the rest of the journey. It’s time to finish what you started and make your book the best it can be. ...more",ee6c67859d70186b,0,https://books.toscrape.com/catalogue/nano-what-now-finding-your-editing-process-revising-your-nanowrimo-book-and-building-a-writing-career-through-publishing-and-beyond_566/index.html
The Art and Science of Low Carbohydrate Living,Health,£52.98,Five,In stock,"The Art And Science Of Low Carbohydrate Living: An Expert Guide To Making The Life-Saving Benefits Of Carbohydrate Restriction Sustainable And EnjoyableCarbohydrate restricted diets are commonly practiced but seldom taught. As a result, doctors, dietitians, nutritionists, and nurses may have strong opinions about low carbohydrate dieting, but in many if not most cases, the The Art And Science Of Low Carbohydrate Living: An Expert Guide To Making The Life-Saving Benefits Of Carbohydrate Restriction Sustainable And EnjoyableCarbohydrate restricted diets are commonly practiced but seldom taught. As a result, doctors, dietitians, nutritionists, and nurses may have strong opinions about low carbohydrate dieting, but in many if not most cases, these views are not grounded in science.Now, whether you are a curious healthcare professional or just a connoisseur of diet information, two New York Times best-selling authors provide you with the definitive resource for low carbohydrate living. Doctors Volek and Phinney share over 50 years of clinical experience using low carbohydrate diets, and together they have published more than 200 research papers and chapters on the topic. Particularly in the last decade, much has been learned about the risks associated with insulin resistance (including but not limited to metabolic synd ...more",f9c87ccb2bc4853b,0,https://books.toscrape.com/catalogue/the-art-and-science-of-low-carbohydrate-living_570/index.html
The Alien Club,Young Adult,£54.40,One,In stock,"When everything is your first, you’re an alien.The feelings, sensations, decisions and ramifications of your actions are uncharted territory. An alien landscape that stretches from your front door to your first love can be more bizarre, beautiful and unforgiving than any other planet in the Universe. With no handbook and nowhere to turn, you’re forced to blaze a path to gr When everything is your first, you’re an alien.The feelings, sensations, decisions and ramifications of your actions are uncharted territory. An alien landscape that stretches from your front door to your first love can be more bizarre, beautiful and unforgiving than any other planet in the Universe. With no handbook and nowhere to turn, you’re forced to blaze a path to greatness you’re not even sure is your destiny.A rich tale of love and war, and the interpersonal relationships that forge them both. The Alien Club follows the path forged by a ten-year-old boy, blindly clawing his way through the confusing, frightening and utterly fascinating life afforded him via a magical neighborhood situated in suburbia USA, during the summer of 1979.Wrought with heroism and hilarious happenings, The Alien Club is a truly mesmerizing journey created by a series of tragic and fanciful events that are thrust into motion by seemingly mundane issues that grip and alter the trajectory of an innocent youth.The Alien Club is the crossroads of The Goonies, The Outsiders, The Lord of the Flies and Stand by Me (The Body). ...more",e77594ece9b9d1fe,0,https://books.toscrape.com/catalogue/the-alien-club_569/index.html
The Book of Mormon,Religion,£24.57,Three,In stock,"The Book of Mormon is a volume of scripture comparable to the Bible. It is a record of God's dealings with the ancient inhabitants of the Americas and contains, as does the Bible, the fullness of the everlasting gospel.The book was written by many ancient prophets by the spirit of prophecy and revelation. Their words, written on gold plates, were quoted and abridged by a p The Book of Mormon is a volume of scripture comparable to the Bible. It is a record of God's dealings with the ancient inhabitants of the Americas and contains, as does the Bible, the fullness of the everlasting gospel.The book was written by many ancient prophets by the spirit of prophecy and revelation. Their words, written on gold plates, were quoted and abridged by a prophet-historian named Mormon. The record gives an account of two great civilizations. One came from Jerusalem in 600 B.C., and afterward separated into two nations, known as the Nephites and the Lamanites. The other came much earlier when the Lord confounded the tongues at the Tower of Babel. This group is known as the Jaredites. After thousands of years, all were destroyed except the Lamanites, and they are among the ancestors of the American Indians. The crowning event recorded in the Book of Mormon is the personal ministry of the Lord Jesus Christ among the Nephites soon after his resurrection. It puts forth the doctrines of the gospel, outlines the plan of salvation, and tells men what they must do to gain peace in this life and eternal salvation in the life to come. After Mormon completed his writings, he delivered the account to his son Moroni, who added a few words of his own and hid up the plates in the hill Cumorah. On September 21, 1823, the same Moroni, then a glorified, resurrected being, appeared to the Prophet Joseph Smith and instructed him relative to the ancient record and its destined translation into the English language. In due course the plates were delivered to Joseph Smith, who translated them by the gift and power of God. The record is now published in many languages as a new and additional witness that Jesus Christ is the Son of the living God and that all who will come unto him and obey the laws and ordinances of his gospel may be saved. Concerning this record the Prophet Joseph Smith said: ""I told the brethren that the Book of Mormon was the most correct of any book on earth, and the keystone of our religion, and a man would get nearer to God by abiding by its precepts, than by any other book."" In addition to Joseph Smith, the Lord provided for eleven others to see the gold plates for themselves and to be special witnesses of the truth and divinity of the Book of Mormon. Their written testimonies are included herewith as ""The Testimony of Three Witnesses"" and ""The Testimony of Eight Witnesses."" We invite all men everywhere to read the Book of Mormon, to ponder in their hearts the message it contains, and the to ask God, the Eternal Father, in the name of Christ if the book is true. Those who pursue this course and ask in faith will gain a testimony of its truth and divinity by the power of the Holy Ghost. (See Moroni 10:3-5.) ...more",3f25a2fedae191cc,0,https://books.toscrape.com/catalogue/the-book-of-mormon_571/index.html
"The Fabric of the Cosmos: Space, Time, and the Texture of Reality",Science,£55.91,One,In stock,"From Brian Greene, one of the world’s leading physicists and author the Pulitzer Prize finalist The Elegant Universe, comes a grand tour of the universe that makes us look at reality in a completely different way.Space and time form the very fabric of the cosmos. Yet they remain among the most mysterious of concepts. Is space an entity? Why does time have a direction? Coul From Brian Greene, one of the world’s leading physicists and author the Pulitzer Prize finalist The Elegant Universe, comes a grand tour of the universe that makes us look at reality in a completely different way.Space and time form the very fabric of the cosmos. Yet they remain among the most mysterious of concepts. Is space an entity? Why does time have a direction? Could the universe exist without space and time? Can we travel to the past? Greene has set himself a daunting task: to explain non-intuitive, mathematical concepts like String Theory, the Heisenberg Uncertainty Principle, and Inflationary Cosmology with analogies drawn from common experience. From Newton’s unchanging realm in which space and time are absolute, to Einstein’s fluid conception of spacetime, to quantum mechanics’ entangled arena where vastly distant objects can instantaneously coordinate their behavior, Greene takes us all, regardless of our scientific backgrounds, on an irresistible and revelatory journey to the new layers of reality that modern physics has discovered lying just beneath the surface of our everyday world. ...more",ca74f2e3c35a3e77,0,https://books.toscrape.com/catalogue/the-fabric-of-the-cosmos-space-time-and-the-texture-of-reality_572/index.html
The Flowers Lied,Default,£16.68,Two,In stock,"Remember back when you first wanted to become a rock critic? Or when you first started to read music reviews? Those are the days of The Flowers Lied, Michael Goldberg's new rock ‘n’ roll coming-of-age novel. Writerman, the narrator, is a rock critic wannabe obsessed with music – favorites include Captain Beefheart, the Blue Oyster Cult, the 13th Floor Elevators, John Coltr Remember back when you first wanted to become a rock critic? Or when you first started to read music reviews? Those are the days of The Flowers Lied, Michael Goldberg's new rock ‘n’ roll coming-of-age novel. Writerman, the narrator, is a rock critic wannabe obsessed with music – favorites include Captain Beefheart, the Blue Oyster Cult, the 13th Floor Elevators, John Coltrane, Pearls Before Swine, Slim Harpo, Neil Young, Sam Rivers and, of course, Bob Dylan. This novel is for anyone who grew up in the ‘60s or '70s—or anyone who wondered what it was really like to be a teenager back then.Witness Writerman fighting his record buying addition at Odyssey Records as store owner Lucky Larry guzzles Green Death and applies the “upsell,"" attending a Neil Young concert in 1973 and confronting Neil backstage, pursuing the Visions of Johanna chick of his dreams and ending up naked at the top of a Ferris wheel, alone with his best friend’s girl. ...more",33396269bcce166f,0,https://books.toscrape.com/catalogue/the-flowers-lied_573/index.html
The New Brand You: Your New Image Makes the Sale for You,Default,£44.05,Five,In stock,"You want people to recognize you, like you, and trust you, so they buy from you. You may have already branded yourself with this in mind but perhaps you’re not getting the desired results. Many people think that branding is about cool logos, fancy websites and social media popularity. But this line of thought causes potential successes to fail.So what does work? In The New You want people to recognize you, like you, and trust you, so they buy from you. You may have already branded yourself with this in mind but perhaps you’re not getting the desired results. Many people think that branding is about cool logos, fancy websites and social media popularity. But this line of thought causes potential successes to fail.So what does work? In The New Brand You, Julie Broad, MBA, bestselling author, popular speaker, and award winning entrepreneur, shares the secrets of creating a trusted brand.You’ll learn what is critical in reinventing your personal brand, and why you may never have to tweet, pin or post to do it. Did you know that …?• Your brand is first of all about the feelings, thoughts and experiences of your customers and clients.• There are at least 42 common communication mistakes that dilute your message, and only two things you have to do to have a brand with big impact.• Online, you are who Google says you are …The New Brand You is your detailed guidebook to successfully recreating your brand and attracting your ideal clients. ...more",4b50fb1359ebf35d,0,https://books.toscrape.com/catalogue/the-new-brand-you-your-new-image-makes-the-sale-for-you_575/index.html
"The Moosewood Cookbook: Recipes from Moosewood Restaurant, Ithaca, New York",Food and Drink,£12.34,Four,In stock,"Among the most influential cookbooks of our time, the Moosewood Cookbook is such a powerful symbol that the publishers were tempted not to tamper with it. But times have changed, and knowledge about the foods we eat and their nutritional value has increased. So, after many inquiries and requests, the author has revised many of her recipes to be lighter and healthier. Illus Among the most influential cookbooks of our time, the Moosewood Cookbook is such a powerful symbol that the publishers were tempted not to tamper with it. But times have changed, and knowledge about the foods we eat and their nutritional value has increased. So, after many inquiries and requests, the author has revised many of her recipes to be lighter and healthier. Illustrated. ...more",65cfc9f242c2984a,0,https://books.toscrape.com/catalogue/the-moosewood-cookbook-recipes-from-moosewood-restaurant-ithaca-new-york_574/index.html
The Shack,Fiction,£28.03,One,In stock,"Mackenzie Allen Philips' youngest daughter, Missy, has been abducted during a family vacation, and evidence that she may have been brutally murdered is found in an abandoned shack deep in the Oregon wilderness. Four years later in the midst of his ""Great Sadness,"" Mack receives a suspicious note, apparently from God, inviting him back to that shack for a weekend.Against hi Mackenzie Allen Philips' youngest daughter, Missy, has been abducted during a family vacation, and evidence that she may have been brutally murdered is found in an abandoned shack deep in the Oregon wilderness. Four years later in the midst of his ""Great Sadness,"" Mack receives a suspicious note, apparently from God, inviting him back to that shack for a weekend.Against his better judgment he arrives at the shack on a wintry afternoon and walks back into his darkest nightmare. What he finds there will change Mack's world forever.In a world where religion seems to grow increasingly irrelevant The Shack wrestles with the timeless question, ""Where is God in a world so filled with unspeakable pain?"" The answers Mack gets will astound you and perhaps transform you as much as it did him. You'll want everyone you know to read this book!* book description from the back cover ...more",903a9f8090104c2c,0,https://books.toscrape.com/catalogue/the-shack_576/index.html
Underlying Notes,Default,£11.82,Two,In stock,"Carla Matteo copes with life by ""tipping the bottle""--glass goddesses funneling perfume! During a midlife renaissance, the ""juice"" enables Carla to find her own niche, while the ominous rose note in Paloma Picasso forces her to confront the past.",0967effecd292a86,0,https://books.toscrape.com/catalogue/underlying-notes_577/index.html
Unlimited Intuition Now,Default,£58.87,Four,In stock,"Read Unlimited Intuition Now to develop your own psychic abilities so that you can receive guidance from your soul.How you will benefit:Pray to open your soul guidanceLearn how to read the energy in your chakras with a pendulumTune in to read your own bodyDiscover how to read the body of another personDiscern how much life force is in your foodFocus to tell if food is real Read Unlimited Intuition Now to develop your own psychic abilities so that you can receive guidance from your soul.How you will benefit:Pray to open your soul guidanceLearn how to read the energy in your chakras with a pendulumTune in to read your own bodyDiscover how to read the body of another personDiscern how much life force is in your foodFocus to tell if food is really good for your bodyPractice how to muscle test yourselfRaise your vibration to listen to your angelsGet your ego out of the way so you can listen to divine guidanceStay connected with loved ones when you are apartOpen your psychic centers of clairaudience, claircognizance, clairsentience and clairvoyanceAvoid other people’s ego projections to see what’s really going onProtect your energy so you feel safe and grounded at all times and in all placesStay out of trouble in dangerous situationsUnderstand how your different psychic gifts actually workDeepen your connection to God and feel supported on all levels ...more",4fd0a2a350f016e6,0,https://books.toscrape.com/catalogue/unlimited-intuition-now_578/index.html
10-Day Green Smoothie Cleanse: Lose Up to 15 Pounds in 10 Days!,Health,£49.71,Five,In stock,"The 10-Day Green Smoothie Cleanse will jump-start your weight loss, increase your energy level, clear your mind, and improve your overall health. Made up of supernutrients from leafy greens and fruits, green smoothies are filling and healthy and you will enjoy drinking them. Your body will also thank you for drinking them as your health and energy improve to levels you nev The 10-Day Green Smoothie Cleanse will jump-start your weight loss, increase your energy level, clear your mind, and improve your overall health. Made up of supernutrients from leafy greens and fruits, green smoothies are filling and healthy and you will enjoy drinking them. Your body will also thank you for drinking them as your health and energy improve to levels you never thought possible. In ten days, you can expect to lose weight, reduce cravings, clear your mind, and improve digestion. It is an experience that could change your life if you stick with it! This book provides a shopping list, recipes, and detailed instructions for the 10-day cleanse, along with suggestions for getting the best results. It also offers advice on how to continue to lose weight and maintain good health afterwards. Are you ready to look slimmer, healthier, and sexier than you have in years? Then get ready to begin the 10-Day Green Smoothie Cleanse! If you successfully complete the 10-Day Green Smoothie Cleanse, you will… - Lose 10‒15 pounds in 10 days - Get rid of stubborn body fat, including belly fat - Drop pounds and inches fast, without grueling workouts - Learn to live a healthier lifestyle of detoxing and healthy eating - Help your body naturally crave healthy foods so you never have to diet again - Receive over 100 green smoothie recipes for various health conditions and goals JJ Smith is the author of the #1 national bestseller and USA Today bestseller Lose Weight Without Dieting or Working Out! JJ Smith is a nutritionist and certified weight-loss expert who has been featured on The Steve Harvey Show, The Montel Williams Show, and The Jamie Foxx Show and on the NBC, FOX, and CW Network television stations, as well as in the pages of Glamour, Essence, and Ladies Home Journal. Since reclaiming her health, losing weight, and discovering a “second youth” in her forties, JJ has become the voice of inspiration to those who want to lose weight, be healthy, and get their sexy back! ...more",96aa539bfd4c07e2,0,https://books.toscrape.com/catalogue/10-day-green-smoothie-cleanse-lose-up-to-15-pounds-in-10-days_581/index.html
"10% Happier: How I Tamed the Voice in My Head, Reduced Stress Without Losing My Edge, and Found Self-Help That Actually Works",Nonfiction,£24.57,Two,In stock,"After having a nationally televised panic attack on Good Morning America, Dan Harris knew he had to make some changes. After learning about research that suggests meditation can do everything from lower your blood pressure to essentially rewire your brain, Harris took a deep dive into the underreported world of CEOs, scientists, and even marines who are now using it for in After having a nationally televised panic attack on Good Morning America, Dan Harris knew he had to make some changes. After learning about research that suggests meditation can do everything from lower your blood pressure to essentially rewire your brain, Harris took a deep dive into the underreported world of CEOs, scientists, and even marines who are now using it for increased calm, focus, and happiness. 10% Happier takes readers on a ride from the outer reaches of neuroscience to the inner sanctum of network news to the bizarre fringes of America's spiritual scene, and leaves them with a takeaway that could actually change their lives ...more",34669b2e9d407d3a,0,https://books.toscrape.com/catalogue/10-happier-how-i-tamed-the-voice-in-my-head-reduced-stress-without-losing-my-edge-and-found-self-help-that-actually-works_582/index.html
11/22/63,Fiction,£48.48,Three,In stock,"Life can turn on a dime—or stumble into the extraordinary, as it does for Jake Epping, a high school English teacher in Lisbon Falls, Maine. While grading essays by his GED students, Jake reads a gruesome, enthralling piece penned by janitor Harry Dunning: fifty years ago, Harry somehow survived his father’s sledgehammer slaughter of his entire family. Jake is blown away.. Life can turn on a dime—or stumble into the extraordinary, as it does for Jake Epping, a high school English teacher in Lisbon Falls, Maine. While grading essays by his GED students, Jake reads a gruesome, enthralling piece penned by janitor Harry Dunning: fifty years ago, Harry somehow survived his father’s sledgehammer slaughter of his entire family. Jake is blown away...but an even more bizarre secret comes to light when Jake’s friend Al, owner of the local diner, enlists Jake to take over the mission that has become his obsession—to prevent the Kennedy assassination. How? By stepping through a portal in the diner’s storeroom, and into the era of Ike and Elvis, of big American cars, sock hops, and cigarette smoke... Finding himself in warmhearted Jodie, Texas, Jake begins a new life. But all turns in the road lead to a troubled loner named Lee Harvey Oswald. The course of history is about to be rewritten...and become heart-stoppingly suspenseful. ...more",a9d7b75461084a26,0,https://books.toscrape.com/catalogue/112263_583/index.html
A Gentleman's Position (Society of Gentlemen #3),Romance,£14.75,Five,In stock,"Power, privilege, and the rigid rules of class leave two hearts yearning for connection in the sizzling new Society of Gentlemen novel from K. J. Charles. Among his eccentric though strictly principled group of friends, Lord Richard Vane is the confidant on whom everyone depends for advice, moral rectitude, and discreet assistance. Yet when Richard has a problem, he turns Power, privilege, and the rigid rules of class leave two hearts yearning for connection in the sizzling new Society of Gentlemen novel from K. J. Charles.  Among his eccentric though strictly principled group of friends, Lord Richard Vane is the confidant on whom everyone depends for advice, moral rectitude, and discreet assistance. Yet when Richard has a problem, he turns to his valet, a fixer of unparalleled genius—and the object of Richard’s deepest desires. If there is one rule a gentleman must follow, it is never to dally with servants. But when David is close enough to touch, the rules of class collide with the basest sort of animal instinct: overpowering lust.   For David Cyprian, burglary and blackmail are as much in a day’s work as bootblacking—anything for the man he’s devoted to. But the one thing he wants for himself is the one thing Richard refuses to give: his heart. With the tension between them growing to be unbearable, David’s seemingly incorruptible master has left him no choice. Putting his finely honed skills of seduction and manipulation to good use, he will convince Richard to forget all about his well-meaning objections and give in to sweet, sinful temptation.  Includes a special message from the editor, as well as an excerpt from another Loveswept title. ...more",40c4bf520c17de54,0,https://books.toscrape.com/catalogue/a-gentlemans-position-society-of-gentlemen-3_584/index.html
A Mother's Reckoning: Living in the Aftermath of Tragedy,Nonfiction,£19.53,Three,In stock,"On April 20, 1999, Eric Harris and Dylan Klebold walked into Columbine High School in Littleton, Colorado. Over the course of minutes, they would kill twelve students and a teacher and wound twenty-four others before taking their own lives.For the last sixteen years, Sue Klebold, Dylan’s mother, has lived with the indescribable grief and shame of that day. How could her ch On April 20, 1999, Eric Harris and Dylan Klebold walked into Columbine High School in Littleton, Colorado. Over the course of minutes, they would kill twelve students and a teacher and wound twenty-four others before taking their own lives. For the last sixteen years, Sue Klebold, Dylan’s mother, has lived with the indescribable grief and shame of that day. How could her child, the promising young man she had loved and raised, be responsible for such horror? And how, as his mother, had she not known something was wrong? Were there subtle signs she had missed? What, if anything, could she have done differently? These are questions that Klebold has grappled with every day since the Columbine tragedy. In A Mother’s Reckoning, she chronicles with unflinching honesty her journey as a mother trying to come to terms with the incomprehensible. In the hope that the insights and understanding she has gained may help other families recognize when a child is in distress, she tells her story in full, drawing upon her personal journals, the videos and writings that Dylan left behind, and on countless interviews with mental health experts. Filled with hard-won wisdom and compassion, A Mother’s Reckoning is a powerful and haunting book that sheds light on one of the most pressing issues of our time. And with fresh wounds from the recent Newtown and Charleston shootings, never has the need for understanding been more urgent. Author profits from the book will be donated to research and to charitable foundations focusing on mental health issues ...more",2b69dec0193511d9,0,https://books.toscrape.com/catalogue/a-mothers-reckoning-living-in-the-aftermath-of-tragedy_585/index.html
Watchmen,Add a comment,£58.05,Four,In stock,"This Hugo Award-winning graphic novel chronicles the fall from grace of a group of super-heroes plagued by all-too-human failings. Along the way, the concept of the super-hero is dissected as the heroes are stalked by an unknown assassin.One of the most influential graphic novels of all time and a perennial best-seller, Watchmen has been studied on college campuses across This Hugo Award-winning graphic novel chronicles the fall from grace of a group of super-heroes plagued by all-too-human failings. Along the way, the concept of the super-hero is dissected as the heroes are stalked by an unknown assassin.One of the most influential graphic novels of all time and a perennial best-seller, Watchmen has been studied on college campuses across the nation and is considered a gateway title, leading readers to other graphic novels such as V for Vendetta, Batman: The Dark Knight Returns and The Sandman series. ...more",d1848064c54e01c7,0,https://books.toscrape.com/catalogue/watchmen_579/index.html
History of Beauty,Art,£10.29,Four,In stock,"Now in paperback, Umberto Eco’s groundbreaking and much-acclaimed first illustrated book has been a critical success since its first publication in 2004. What is beauty? Umberto Eco, among Italy’s finest and most important contemporary thinkers, explores the nature, the meaning, and the very history of the idea of beauty in Western culture. The profound and subtle text is Now in paperback, Umberto Eco’s groundbreaking and much-acclaimed first illustrated book has been a critical success since its first publication in 2004. What is beauty? Umberto Eco, among Italy’s finest and most important contemporary thinkers, explores the nature, the meaning, and the very history of the idea of beauty in Western culture. The profound and subtle text is lavishly illustrated with abundant examples of sublime painting and sculpture and lengthy quotations from writers and philosophers. This is the first paperback edition of History of Beauty, making this intellectual and philosophical journey with one of the world’s most acclaimed thinkers available in a more compact and affordable format.From the Trade Paperback edition ...more",8a150fd8ff5d7686,0,https://books.toscrape.com/catalogue/history-of-beauty_521/index.html
Without Shame,Add a comment,£48.27,Five,In stock,"East Pakistan, 1968: In Sariyah’s village, shame is a virtue she never mastered. As a child, she learned to read in secret, kept talismans against her father’s orders, and questioned everything, even Allah. Now she is practicing how to be a “woman with shame,” torn between promises to her family and to herself. She yearns to join a movement with her fellow Bengalis, who ar East Pakistan, 1968: In Sariyah’s village, shame is a virtue she never mastered. As a child, she learned to read in secret, kept talismans against her father’s orders, and questioned everything, even Allah. Now she is practicing how to be a “woman with shame,” torn between promises to her family and to herself. She yearns to join a movement with her fellow Bengalis, who are gripping onto their language and cultural identity against colonial powers – but she is continuously sucked into the narrow visions of her father.In the midst of a desperate movement for Bengali freedom, a presumptuous American has come to teach English. Rodney Creed - self-interested, naive, entitled - comes with the bright optimism of a college graduate, too eager to sense the rumbling ground beneath him...until he meets Sariyah. Rodney believes he is there to teach, but he will learn painful, irreversible things.Without Shame is a love story at its core – but not in the traditional sense. It’s about love of one’s country, culture, God, and language. It’s about the power of identity to shine through when other forces threaten to overshadow it. ...more",ab60e6f5a63e1cfb,0,https://books.toscrape.com/catalogue/without-shame_580/index.html
Hystopia: A Novel,Fiction,£21.96,Four,In stock,"By the early 1970s, President John F. Kennedy has survived several assassination attempts and--martyred, heroic--is now in his third term. Twenty-two-year-old Eugene Allen returns home from his tour of duty in Vietnam and begins to write a war novel--a book echoing Catch-22 and Slaughterhouse-Five--about veterans who have their battlefield experiences ""enfolded,"" wiped fro By the early 1970s, President John F. Kennedy has survived several assassination attempts and--martyred, heroic--is now in his third term. Twenty-two-year-old Eugene Allen returns home from his tour of duty in Vietnam and begins to write a war novel--a book echoing Catch-22 and Slaughterhouse-Five--about veterans who have their battlefield experiences ""enfolded,"" wiped from their memories through drugs and therapy. In Eugene's fictive universe, veterans too damaged to be enfolded stalk the American heartland, reenacting atrocities on civilians and evading the Psych Corps, a federal agency dedicated to upholding the mental hygiene of the nation by any means necessary.This alternative America, in which a veteran tries to reimagine a damaged world, is the subject of Hystopia, the long-awaited first novel by David Means. The critic James Wood has written that Means's language ""offers an exquisitely precise and sensuous register of an often crazy American reality."" Means brings this talent to bear on the national trauma of the Vietnam era in a work that is outlandish, ruefully funny, and shockingly violent. Written in conversation with some of the greatest war narratives from the Iliad to the Rolling Stones' ""Gimme Shelter,"" Hystopia is a unique and visionary novel. ...more",0bfdef63285d3019,0,https://books.toscrape.com/catalogue/hystopia-a-novel_523/index.html
Howl and Other Poems,Poetry,£40.45,Two,In stock,"The prophetic poem that launched a generation when it was first published in 1965 is here presented in a commemorative fortieth Anniversary Edition.When the book arrived from its British printers, it was seized almost immediately by U.S. Customs, and shortly thereafter the San Francisco police arrested its publisher and editor, Lawrence Ferlinghetti, together with City Lig The prophetic poem that launched a generation when it was first published in 1965 is here presented in a commemorative fortieth Anniversary Edition.When the book arrived from its British printers, it was seized almost immediately by U.S. Customs, and shortly thereafter the San Francisco police arrested its publisher and editor, Lawrence Ferlinghetti, together with City Lights Bookstore manager Shigeyoshi Murao. The two of them were charged with disseminating obscene literature, and the case went to trial in the municipal court of Judge Clayton Horn. A parade of distinguished literary and academic witnesses persuaded the judge that the title poem was indeed not obscene and that it had “redeeming social significance.”Thus was Howl & Other Poems freed to become the single most influential poetic work of the post-World War II era, with over 900,000 copies now in print."" ...more",b7870fa6dc088fbb,0,https://books.toscrape.com/catalogue/howl-and-other-poems_522/index.html
I Will Find You,Nonfiction,£44.21,One,In stock,"“This is it. My rape. I knew it was coming. Every woman knows. And now here it is. My turn.” When Joanna Connors was thirty years old on assignment for the Cleveland Plain Dealer to review a play at a college theater, she was held at knife point and raped by a stranger who had grown up five miles away from her. Once her assailant was caught and sentenced, Joanna never spo “This is it. My rape. I knew it was coming. Every woman knows. And now here it is. My turn.” When Joanna Connors was thirty years old on assignment for the Cleveland Plain Dealer to review a play at a college theater, she was held at knife point and raped by a stranger who had grown up five miles away from her. Once her assailant was caught and sentenced, Joanna never spoke of the trauma again, until 21 years later when her daughter was about to go to college. She resolved then to tell her children about her own rape so they could learn and protect themselves, and she began to realize that the man who assaulted her was one of the formative people in her life.Setting out to uncover the story of her attacker, Connors embarked on a journey to find out who he was, where he came from, who his friends were and what his life was like. What she discovers stretches beyond one violent man’s story and back into her own, interweaving a narrative about strength and survival with one about rape culture and violence in America.I Will Find You is a brave, timely consideration of race, class, education and the families that shape who we become, by a reporter and a survivor. ...more",bbf1ea50be8008ab,0,https://books.toscrape.com/catalogue/i-will-find-you_524/index.html
I'll Give You the Sun,Default,£56.48,One,In stock,"A brilliant, luminous story of first love, family, loss, and betrayal for fans of John Green, David Levithan, and Rainbow Rowell Jude and her twin brother, Noah, are incredibly close. At thirteen, isolated Noah draws constantly and is falling in love with the charismatic boy next door, while daredevil Jude cliff-dives and wears red-red lipstick and does the talking for bo A brilliant, luminous story of first love, family, loss, and betrayal for fans of John Green, David Levithan, and Rainbow Rowell Jude and her twin brother, Noah, are incredibly close. At thirteen, isolated Noah draws constantly and is falling in love with the charismatic boy next door, while daredevil Jude cliff-dives and wears red-red lipstick and does the talking for both of them. But three years later, Jude and Noah are barely speaking. Something has happened to wreck the twins in different and dramatic ways . . . until Jude meets a cocky, broken, beautiful boy, as well as someone else—an even more unpredictable new force in her life. The early years are Noah's story to tell. The later years are Jude's. What the twins don't realize is that they each have only half the story, and if they could just find their way back to one another, they’d have a chance to remake their world. This radiant novel from the acclaimed, award-winning author of The Sky Is Everywhere will leave you breathless and teary and laughing—often all at once. ...more",0ab4b35dcffcffd1,0,https://books.toscrape.com/catalogue/ill-give-you-the-sun_525/index.html
John Vassos: Industrial Design for Modern Life,Default,£20.22,Four,In stock,"What should a television look like? How should a dial on a radio feel to the touch? These were questions John Vassos asked when the Radio Corporation of America (RCA) asked him to design the first mass-produced television receiver, the TRK-12, which had its spectacular premier at the 1939 New York World’s Fair. Vassos emigrated from Greece and arrived in the United States What should a television look like? How should a dial on a radio feel to the touch? These were questions John Vassos asked when the Radio Corporation of America (RCA) asked him to design the first mass-produced television receiver, the TRK-12, which had its spectacular premier at the 1939 New York World’s Fair. Vassos emigrated from Greece and arrived in the United States in 1918. His career spans the evolution of central forms of mass media in the twentieth century and offers a template for understanding their success. This is Vassos’s legacy—shaping the way we interact with our media technologies. Other industrial designers may be more celebrated, but none were more focused on making radio and television attractive and accessible to millions of Americans.In John Vassos: Industrial Design for Modern Life, Danielle Shapiro is the first to examine the life and work of RCA’s key consultant designer through the rise of radio and television and into the computer era. Vassos conceived a vision for the look of new technologies still with us today. A founder of the Industrial Designers Society of America, he was instrumental in the development of a self-conscious industrial design profession during the late 1920s and 1930s and into the postwar period. Drawing on unpublished records and correspondence, Shapiro creates a portrait of a designer whose early artistic work in books like Phobia and Contempo critiqued the commercialization of modern life but whose later design work sought to accommodate it.Replete with rich behind-the-product stories of America’s design culture in the 1930s through the 1950s, this volume also chronicles the emergence of what was to become the nation’s largest media company and provides a fascinating glimpse into its early corporate culture. In our current era of watching TV on an iPod or a smartphone, Shapiro stimulates broad discussions of the meaning of technological design for mass media in daily life. ...more",bd26e8a79a856c31,0,https://books.toscrape.com/catalogue/john-vassos-industrial-design-for-modern-life_526/index.html
Kierkegaard: A Christian Missionary to Christians,Philosophy,£47.13,One,In stock,"Soren Kierkegaard (1813-1855) had a mission. The church had become weak, flabby and inconsequential. Being a Christian was more a cultural heritage than a spiritual reality. His mission reintroduce the Christian faith to Christians. How could he break through to people who were members of the church and thought they were Christians already? Like an Old Testament prophet, K Soren Kierkegaard (1813-1855) had a mission. The church had become weak, flabby and inconsequential. Being a Christian was more a cultural heritage than a spiritual reality. His mission reintroduce the Christian faith to Christians. How could he break through to people who were members of the church and thought they were Christians already? Like an Old Testament prophet, Kierkegaard used a variety of pointed and dramatic ways to shake people from their slumber. He incisively diagnosed the spiritual ailments of his age and offered a fresh take on classic Christian teaching. Mark Tietjen thinks that Kierkegaard's critique of his contemporaries strikes close to home today. We also need to listen to one of the most insightful yet complex Christian thinkers of any era. Through an examination of core Christian doctrines the person of Jesus Christ, human nature, Christian witness and love Tietjen helps us hear Kierkegaard's missionary message to a church that often fails to follow Christ with purity of heart."" ...more",0cf57cb49272fd37,0,https://books.toscrape.com/catalogue/kierkegaard-a-christian-missionary-to-christians_527/index.html
Left Behind (Left Behind #1),Default,£40.72,Two,In stock,"An airborne Boeing 747 is headed to London when, without any warning, passengers mysteriously disappear from their seats. Terror and chaos slowly spread not only through the plane but also worldwide as unusual events continue to unfold. For those who have been left behind, the apocalypse has just begun",29af1a2566c4e36e,0,https://books.toscrape.com/catalogue/left-behind-left-behind-1_529/index.html
Kill 'Em and Leave: Searching for James Brown and the American Soul,Music,£45.05,Five,In stock,"National Book Award winner James McBride goes in search of the “real” James Brown after receiving a tip that promises to uncover the man behind the myth. His surprising journey illuminates not only our understanding of this immensely troubled, misunderstood, and complicated soul genius but the ways in which our cultural heritage has been shaped by Brown’s legacy. Kill ’Em National Book Award winner James McBride goes in search of the “real” James Brown after receiving a tip that promises to uncover the man behind the myth. His surprising journey illuminates not only our understanding of this immensely troubled, misunderstood, and complicated soul genius but the ways in which our cultural heritage has been shaped by Brown’s legacy.  Kill ’Em and Leave is more than a book about James Brown. Brown’s rough-and-tumble life, through McBride’s lens, is an unsettling metaphor for American life: the tension between North and South, black and white, rich and poor. McBride’s travels take him to forgotten corners of Brown’s never-before-revealed history: the country town where Brown’s family and thousands of others were displaced by America’s largest nuclear power bomb-making facility; a South Carolina field where a long-forgotten cousin recounts, in the dead of night, a fuller history of Brown’s sharecropping childhood, which until now has been a mystery. McBride seeks out the American expatriate in England who co-created the James Brown sound, visits the trusted right-hand manager who worked with Brown for forty-one years, and interviews Brown’s most influential nonmusical creation, his “adopted son,” the Reverend Al Sharpton. He describes the stirring visit of Michael Jackson to the Augusta, Georgia, funeral home where the King of Pop sat up all night with the body of his musical godfather, spends hours talking with Brown’s first wife, and lays bare the Dickensian legal contest over James Brown’s estate, a fight that has consumed careers; prevented any money from reaching the poor schoolchildren in Georgia and South Carolina, as instructed in his will; cost Brown’s estate millions in legal fees; and left James Brown’s body to lie for more than eight years in a gilded coffin in his daughter’s yard in South Carolina.   James McBride is one of the most distinctive and electric literary voices in America today, and part of the pleasure of his narrative is being in his presence, coming to understand Brown through McBride’s own insights as a black musician with Southern roots. Kill ’Em and Leave is a song unearthing and celebrating James Brown’s great legacy: the cultural landscape of America today.Praise for Kill ’Em and Leave “The definitive look at one of the greatest, most important entertainers, The Godfather, Da Number One Soul Brother, Mr. Please, Please Himself—JAMES BROWN.”—Spike Lee “Please, please, please: Can anybody tell us who and what was James Brown? At last, the real deal: James McBride on James Brown is the matchup we’ve been waiting for, a musician who came up hard in Brooklyn with JB hooks lodged in his brain, a monster ear for the truth, and the chops to write it. This is no celeb bio but a compelling personal quest—so very timely, angry, hilarious, and as irresistible as any James Brown beat.”—Gerri Hirshey, author of Nowhere to Run: The Story of Soul Music “An unconventional and fascinating portrait of Soul Brother No. 1 and the significance of his rise and fall in American culture.” —Kirkus Reviews ...more",39eefec3a8498dde,0,https://books.toscrape.com/catalogue/kill-em-and-leave-searching-for-james-brown-and-the-american-soul_528/index.html
Les Fleurs du Mal,Poetry,£29.04,Five,In stock,Presents the first American translation of the complete text of Baudelaire's 1857 masterwork and includes the complete original French texts for easy comparison.,c44c5e1425475206,0,https://books.toscrape.com/catalogue/les-fleurs-du-mal_530/index.html
Living Forward: A Proven Plan to Stop Drifting and Get the Life You Want,Nonfiction,£12.55,Three,In stock,"Each of us has but one life to live on this earth. What we do with it is our choice. Are we drifting through it as spectators, reacting to our circumstances when necessary and wondering just how we got to this point anyway? Or are we directing it, maximizing the joy and potential of every day, living with a purpose or mission in mind? Too many of us are doing the former--a Each of us has but one life to live on this earth. What we do with it is our choice. Are we drifting through it as spectators, reacting to our circumstances when necessary and wondering just how we got to this point anyway? Or are we directing it, maximizing the joy and potential of every day, living with a purpose or mission in mind? Too many of us are doing the former--and our lives are slipping away one day at a time. But what if we treated life like the gift that it is? What if we lived each day as though it were part of a bigger picture, a ""plan""? That's what ""New York Times ""bestselling author Michael Hyatt and executive coach Daniel Harkavy show us how to do: to design a life with the end in mind, determining in advance the outcomes we desire and path to get there. In this step-by-step guide, they share proven principles that help readers create a simple but effective life plan so that they can get from where they are now to where they really want to be--in every area of life. ...more",044534b0b28b4e87,0,https://books.toscrape.com/catalogue/living-forward-a-proven-plan-to-stop-drifting-and-get-the-life-you-want_531/index.html
"Love That Boy: What Two Presidents, Eight Road Trips, and My Son Taught Me About a Parent's Expectations",Nonfiction,£25.06,Two,In stock,"Tyler and I inch toward the Green Room, in line with blow-dried TV anchors and stuffy columnists. He’s practicing his handshake and hello: “It’s a pleasure to meet you, Mr. President. It’s a pleasure to meet you, Mr. President. It’s a pleasure to meet you, Mr. President.” When the couple in front of us steps forward for their picture, my teenager with sky-blue eyes and a s Tyler and I inch toward the Green Room, in line with blow-dried TV anchors and stuffy columnists. He’s practicing his handshake and hello: “It’s a pleasure to meet you, Mr. President. It’s a pleasure to meet you, Mr. President. It’s a pleasure to meet you, Mr. President.” When the couple in front of us steps forward for their picture, my teenager with sky-blue eyes and a soft heart looks up at me and says, “I hope I don’t let you down, Dad.” What kind of father raises a son to worry about embarrassing his dad? I want to tell Tyler not to worry, that he’d never let me down. That there’s nothing wrong with being different. That I actually am proud of what makes him special. But we are next in line to meet the president of the United States in a room filled with fellow strivers, and all I can think about is the real possibility that Tyler might embarrass himself. Or, God forbid, me.LOVE THAT BOY is a uniquely personal story about the causes and costs of outsized parental expectations. What we want for our children—popularity, normalcy, achievement, genius—and what they truly need—grit, empathy, character—are explored by National Journal’s Ron Fournier, who weaves his extraordinary journey to acceptance around the latest research on childhood development and stories of other loving-but-struggling parents. ...more",4d3a4c7b442a9a4e,0,https://books.toscrape.com/catalogue/love-that-boy-what-two-presidents-eight-road-trips-and-my-son-taught-me-about-a-parents-expectations_532/index.html
Man's Search for Meaning,Nonfiction,£29.48,Three,In stock,"Psychiatrist Viktor Frankl's memoir has riveted generations of readers with its descriptions of life in Nazi death camps and its lessons for spiritual survival. Between 1942 and 1945, Frankl labored in four different camps, including Auschwitz, while his parents, brother, and pregnant wife perished. Based on his own experience and the experiences of others he treated later Psychiatrist Viktor Frankl's memoir has riveted generations of readers with its descriptions of life in Nazi death camps and its lessons for spiritual survival. Between 1942 and 1945, Frankl labored in four different camps, including Auschwitz, while his parents, brother, and pregnant wife perished. Based on his own experience and the experiences of others he treated later in his practice, Frankl argues that we cannot avoid suffering, but we can choose how to cope with it, find meaning in it, and move forward with renewed purpose. Frankl's theory--known as logotherapy, from the Greek word logos (""meaning"")--holds that our primary drive in life is not pleasure, as Freud maintained, but the discovery and pursuit of what we personally find meaningful.At the time of Frankl's death in 1997, Man's Search for Meaning had sold more than 10 million copies in twenty-four languages. A 1991 reader survey for the Library of Congress that asked readers to name a ""book that made a difference in your life"" found Man's Search for Meaning among the ten most influential books in America. ...more",4729afff3bea0f0a,0,https://books.toscrape.com/catalogue/mans-search-for-meaning_533/index.html
Miller's Valley,Fiction,£58.54,Two,In stock,"Filled with insights that are hallmarks of Anna Quindlen’s bestsellers, this extraordinary novel is about a woman coming of age, as she unearths secrets about her family and her town, and surprising truths about herself.For generations the Millers have lived in Miller’s Valley. Mimi Miller tells about her life with intimacy and honesty. As Mimi eavesdrops on her parents an Filled with insights that are hallmarks of Anna Quindlen’s bestsellers, this extraordinary novel is about a woman coming of age, as she unearths secrets about her family and her town, and surprising truths about herself.For generations the Millers have lived in Miller’s Valley. Mimi Miller tells about her life with intimacy and honesty. As Mimi eavesdrops on her parents and quietly observes the people around her, she discovers more and more about the toxicity of family secrets, the dangers of gossip, the flaws of marriage, the inequalities of friendship and the risks of passion, loyalty, and love. Home, as Mimi begins to realize, can be “a place where it’s just as easy to feel lost as it is to feel content.” Miller’s Valley is a masterly study of family, memory, loss, and, ultimately, discovery, of finding true identity and a new vision of home. As Mimi says, “No one ever leaves the town where they grew up, even if they go.” Miller’s Valley reminds us that the place where you grew up can disappear, and the people in it too, but all will live on in your heart forever. ...more",bff270fe9c86a5a9,0,https://books.toscrape.com/catalogue/millers-valley_534/index.html
My Life Next Door (My Life Next Door ),Young Adult,£36.39,Five,In stock,"""One thing my mother never knew, and would disapprove of most of all, was that I watched the Garretts. All the time.""The Garretts are everything the Reeds are not. Loud, messy, affectionate. And every day from her rooftop perch, Samantha Reed wishes she was one of them . . . until one summer evening, Jase Garrett climbs up next to her and changes everything.As the two fall ""One thing my mother never knew, and would disapprove of most of all, was that I watched the Garretts. All the time.""The Garretts are everything the Reeds are not. Loud, messy, affectionate. And every day from her rooftop perch, Samantha Reed wishes she was one of them . . . until one summer evening, Jase Garrett climbs up next to her and changes everything.As the two fall fiercely for each other, stumbling through the awkwardness and awesomeness of first love, Jase's family embraces Samantha - even as she keeps him a secret from her own. Then something unthinkable happens, and the bottom drops out of Samantha's world. She's suddenly faced with an impossible decision. Which perfect family will save her? Or is it time she saved herself?A transporting debut about family, friendship, first romance, and how to be true to one person you love without betraying another. ...more",9a7291b89bd5445c,0,https://books.toscrape.com/catalogue/my-life-next-door-my-life-next-door_535/index.html
Out of Print: City Lights Spotlight No. 14,Poetry,£53.64,Five,In stock,"The third full-length collectionby Julien Poirier, Out of Print is a truly bicoastal volume, reflecting the poet's years in New York as well as his return to his Bay Area roots. Consider it a meetinghouse between late New York School and contemporary California surrealism, a series of quips intercepted from America's underground poetry telegraph, or an absurdist mirror hel The third full-length collection by Julien Poirier, Out of Print is a truly bicoastal volume, reflecting the poet's years in New York as well as his return to his Bay Area roots. Consider it a meetinghouse between late New York School and contemporary California surrealism, a series of quips intercepted from America's underground poetry telegraph, or an absurdist mirror held up to consumerist culture.""Welcome Julien Poirier! What a distinct inspired voice. His work is abundant in surprise. His musical,often bonkers play of language is, for me, a source of delight & revelation.""—David Meltzer""Julien Poirier’s poems calibrate the vernacular in a sublime mathematics of commonalities. The effect is that of feelings on the run, enunciated clearly. In a sudden down-draught—'You’re wind, you melt on my tongue'—he’ll take the contemporary love poem into new stretches of believability while knowingly calling to account the failings that, whether perennial or merely topical, hem round ourselves to disastrous effect. For, no mistake, Out of Print means business: a forceful wake-up call, allowing as how for this old world the time for meaningful action may well have run out and we’ve joined the fabled damned, lost but for such eloquence, affection, and mad, mad laughter in Hell’s despite.""—Bill Berkson""Out of Print’s unexpectedly a love poem, its humor sharpening into dissonant pleasure. And what a pleasure! Julien Poirier’s weirdly direct and directly weird poems notice what an event is, whether it’s four square monks in a Coupe de Ville or becoming the Invisible Hand, and render that event into a sensual and searching landscape. You are really there, no where, but there, in poetry as a means to think differently, and maybe, absurdly, hope.""—Karen WeiserJulien Poirier is the co-founder of Ugly Duckling Presse. He has taught poetry in New York City and San Francisco public schools and at San Quentin State Prison. Previous books include Way Too West (2015) and El Golpe Chileño (2010). ...more",c0fc0cd215ee1724,0,https://books.toscrape.com/catalogue/out-of-print-city-lights-spotlight-no-14_536/index.html
Please Kill Me: The Uncensored Oral History of Punk,Music,£31.19,Four,In stock,"A Time Out and Daily News Top Ten Book of the Year upon its initial release, Please Kill Me is the first oral history of the most nihilist of all pop movements. Iggy Pop, Danny Fields, Dee Dee and Joey Ramone, Malcom McLaren, Jim Carroll, and scores of other famous and infamous punk figures lend their voices to this definitive account of that outrageous, explosive era. Fro A Time Out and Daily News Top Ten Book of the Year upon its initial release, Please Kill Me is the first oral history of the most nihilist of all pop movements. Iggy Pop, Danny Fields, Dee Dee and Joey Ramone, Malcom McLaren, Jim Carroll, and scores of other famous and infamous punk figures lend their voices to this definitive account of that outrageous, explosive era. From its origins in the twilight years of Andy Warhol’s New York reign to its last gasps as eighties corporate rock, the phenomenon known as punk is scrutinized, eulogized, and idealized by the people who were there and who made it happen. ...more",4a823d80aa30dbb0,0,https://books.toscrape.com/catalogue/please-kill-me-the-uncensored-oral-history-of-punk_537/index.html
Rising Strong,Nonfiction,£21.82,Three,In stock,"The physics of vulnerability is simple: If we are brave enough often enough, we will fall. The author of the #1 New York Times bestsellers Daring Greatly and The Gifts of Imperfection tells us what it takes to get back up, and how owning our stories of disappointment, failure, and heartbreak gives us the power to write a daring new ending. Struggle, Brené Brown writes, can The physics of vulnerability is simple: If we are brave enough often enough, we will fall. The author of the #1 New York Times bestsellers Daring Greatly and The Gifts of Imperfection tells us what it takes to get back up, and how owning our stories of disappointment, failure, and heartbreak gives us the power to write a daring new ending. Struggle, Brené Brown writes, can be our greatest call to courage, and rising strong our clearest path to deeper meaning, wisdom, and hope. ...more",52fc458ffc756faf,0,https://books.toscrape.com/catalogue/rising-strong_539/index.html
Proofs of God: Classical Arguments from Tertullian to Barth,Philosophy,£54.21,One,In stock,"Leading theologian Matthew Levering presents a thoroughgoing critical survey of the proofs of God's existence for readers interested in traditional Christian responses to the problem of atheism. Beginning with Tertullian and ending with Karl Barth, Levering covers twenty-one theologians and philosophers from the early church to the modern period, examining how they answere Leading theologian Matthew Levering presents a thoroughgoing critical survey of the proofs of God's existence for readers interested in traditional Christian responses to the problem of atheism. Beginning with Tertullian and ending with Karl Barth, Levering covers twenty-one theologians and philosophers from the early church to the modern period, examining how they answered the critics of their day. He also shows the relevance of the classical arguments to contemporary debates and challenges to Christianity. In addition to students, this book will appeal to readers of apologetics. ...more",d56d0710668bb39c,0,https://books.toscrape.com/catalogue/proofs-of-god-classical-arguments-from-tertullian-to-barth_538/index.html
Roller Girl,Sequential Art,£14.10,Five,In stock,"For fans of Raina Telgemeier’s Smile, a heartwarming graphic novel about friendship and surviving junior high through the power of roller derby. Twelve-year-old Astrid has always done everything with her best friend Nicole. So when Astrid signs up for roller derby camp, she assumes Nicole will too. But Nicole signs up for dance camp with a new friend instead, and so begins For fans of Raina Telgemeier’s Smile, a heartwarming graphic novel about friendship and surviving junior high through the power of roller derby. Twelve-year-old Astrid has always done everything with her best friend Nicole. So when Astrid signs up for roller derby camp, she assumes Nicole will too. But Nicole signs up for dance camp with a new friend instead, and so begins the toughest summer of Astrid's life. There are bumps and bruises as Astrid learns who she is without Nicole...and what it takes to be a strong, tough roller girl. ...more",aeb51dfbe8aeec59,0,https://books.toscrape.com/catalogue/roller-girl_540/index.html
Adultery,Default,£20.88,Five,In stock,"I want to change. I need to change. I'm gradually losing touch with myself. Adultery, the provocative new novel by Paulo Coelho, best-selling author of The Alchemist and Eleven Minutes, explores the question of what it means to live life fully and happily, finding the balance between life's routine and the desire for something new.",bb967277222e689c,0,https://books.toscrape.com/catalogue/adultery_586/index.html
Arena,Science Fiction,£21.36,Four,In stock,"A fast-paced and gripping near-future science fiction debut about the gritty world of competitive gaming...Every week, Kali Ling fights to the death on national TV. She’s died hundreds of times. And it never gets easier... The RAGE tournaments—the Virtual Gaming League’s elite competition where the best gamers in the world compete in a no-holds-barred fight to the digital A fast-paced and gripping near-future science fiction debut about the gritty world of competitive gaming... Every week, Kali Ling fights to the death on national TV. She’s died hundreds of times. And it never gets easier...  The RAGE tournaments—the Virtual Gaming League’s elite competition where the best gamers in the world compete in a no-holds-barred fight to the digital death. Every bloody kill is broadcast to millions. Every player is a modern gladiator—leading a life of ultimate fame, responsible only for entertaining the masses.   And though their weapons and armor are digital, the pain is real.   Chosen to be the first female captain in RAGE tournament history, Kali Ling is at the top of the world—until one of her teammates overdoses. Now, she must confront the truth about the tournament. Because it is much more than a game—and even in the real world, not everything is as it seems.   The VGL hides dark secrets. And the only way to change the rules is to fight from the inside... ...more",2c34f9432069b52b,0,https://books.toscrape.com/catalogue/arena_587/index.html
Born for This: How to Find the Work You Were Meant to Do,Business,£21.59,Five,In stock,"To the outside observer, it seems like they’ve won the career lottery—that by some stroke of luck or circumstance, they’ve found the one thing they love so much that it doesn’t even feel like work, and they’re getting paid well to do it. In reality, their good fortune has nothing to do with chance. There’s a method for finding your perfect job, and Chris Guillebeau, the be To the outside observer, it seems like they’ve won the career lottery—that by some stroke of luck or circumstance, they’ve found the one thing they love so much that it doesn’t even feel like work, and they’re getting paid well to do it. In reality, their good fortune has nothing to do with chance. There’s a method for finding your perfect job, and Chris Guillebeau, the bestselling author of The $100 Startup, has created a practical guide for how to do it—whethe rwithin a traditional company or business, or by striking out on your own. Finding the work you were “born to do” isn’t just about discovering your passion. Doing what brings you joy is great, but if you aren’t earning a living, it’s a hobby, not a career. And those who jump out of bed excited to go to work every morning don’t just have jobs that turn their passions into paychecks. They have jobs where they also can lose themselves for hours in the flow of meaningful work. This intersection of joy, money, and flow is what Guillebeau will help you find in this book. Through inspiring stories of those who have successfully landed their dream career, as well as actionable tools, exercises, and thought experiments, he’ll guide you through today’s vast menu of career options to discover the work perfectly suited to your unique interests, skills, and experiences.You’ll learn how to:• Hack the job of your dreams within a traditional organization by making it work for you• Find not only your ideal work but also your ideal working conditions• Create plans that will allow you to take smarter career risks and “beat the house” every time• Start a profitable “side hustle” and earn extra cash on top of your primary stream of income• Escape the prison of working for someone else and build a mini-empire as an entrepreneur• Become a rock star at any creative endeavor by creating a loyal base of fans and followersWhichever path you choose, this book will show you how to find that one job or career that feels so right, it’s like you were born to do it. ...more",816180220e8cb419,0,https://books.toscrape.com/catalogue/born-for-this-how-to-find-the-work-you-were-meant-to-do_588/index.html
Daredevils,Fiction,£16.34,Three,In stock,"From the winner of 2014’s PEN Robert W. Bingham Prize, an unforgettable debut novel about Loretta, a teenager married off as a “sister wife,” who makes a break for freedomAt the heart of this exciting debut novel, set in Arizona and Idaho in the mid-1970s, is fifteen-year-old Loretta, who slips out of her bedroom every evening to meet her so-called gentile boyfriend. Her s From the winner of 2014’s PEN Robert W. Bingham Prize, an unforgettable debut novel about Loretta, a teenager married off as a “sister wife,” who makes a break for freedom At the heart of this exciting debut novel, set in Arizona and Idaho in the mid-1970s, is fifteen-year-old Loretta, who slips out of her bedroom every evening to meet her so-called gentile boyfriend. Her strict Mormon parents catch her returning one night, and promptly marry her off to Dean Harder, a devout yet materialistic fundamentalist who already has a wife and a brood of kids. The Harders relocate to his native Idaho, where Dean’s teenage nephew Jason falls hard for Loretta. A Zeppelin and Tolkien fan, Jason worships Evel Knievel and longs to leave his close-minded community. He and Loretta make a break for it. They drive all night, stay in hotels, and relish their dizzying burst of teenage freedom as they seek to recover Dean’s cache of “Mormon gold.” But someone Loretta left behind is on their trail... A riveting story of desire and escape, Daredevils boasts memorable set pieces and a rich cast of secondary characters. There’s Dean’s other wife, Ruth, who as a child in the 1950s was separated from her parents during the notorious Short Creek raid, when federal agents descended on a Mormon fundamentalist community. There’s Jason’s best friend, Boyd, part Native American and caught up in the activist spirit of the time, who comes along for the ride, with disastrous results. And Vestal’s ultimate creation is a superbly sleazy chatterbox—a man who might or might not be Evel Knievel himself—who works his charms on Loretta at a casino in Elko, Nevada.A lifelong journalist whose Spokesman column is a fixture in Spokane, WA, Shawn has honed his fiction over many years, publishing in journals like McSweeney's and Tin House. His stunning first collection, Godforsaken Idaho, burrowed into history as it engaged with masculinity and crime, faith and apostasy, and the West that he knows so well. Daredevils shows what he can do on a broader canvas--a fascinating, wide-angle portrait of a time and place that's both a classic coming of age tale and a plunge into the myths of America, sacred and profane. ...more",f608c903c451f387,0,https://books.toscrape.com/catalogue/daredevils_590/index.html
Cravings: Recipes for What You Want to Eat,Food and Drink,£20.50,Three,In stock,"Though she is best known as a supermodel and Sports Illustrated swimsuit covergirl, all Chrissy Teigen really wants to do is talk about dinner—the good, the greasy, the good-for-you, and the goof-ups. Stylish but brash, witty and big-hearted, Chrissy cooks beautifully, but with the spirit of the amateur. In this book, she shows us how to make cooking part of a stylish life Though she is best known as a supermodel and Sports Illustrated swimsuit covergirl, all Chrissy Teigen really wants to do is talk about dinner—the good, the greasy, the good-for-you, and the goof-ups. Stylish but brash, witty and big-hearted, Chrissy cooks beautifully, but with the spirit of the amateur. In this book, she shows us how to make cooking part of a stylish lifestyle and how to look good doing it…or at least how to laugh at ourselves if we don’t.“The thing that makes me happiest isn’t when people stop me in the street to say they saw me in a magazine, but when they say they were inspired to cook because of what I posted on Instagram,” Chrissy Teigen says. Despite being a professional Beautiful Person, Teigen took cooking classes, runs a popular food blog, and loves connecting her fans with food through her widely followed Twitter and Instagram accounts. In this book, she brings her passion for cooking to the forefront. Through 100 recipes that range from her mom’s Thai classics to her own creations and dishes taught to her by her chef friends, Chrissy will show us how easy it can be to make cooking accessible and fun. ...more",2587c54f5530dafc,0,https://books.toscrape.com/catalogue/cravings-recipes-for-what-you-want-to-eat_589/index.html
"Exit, Pursued by a Bear",Young Adult,£51.34,Four,In stock,"“I love you,” Polly says suddenly when I’m almost to the door.“I know,” I say.Hermione Winters has been a flyer. She’s been captain of her cheerleading team. The envied girlfriend and the undisputed queen of her school. Now it’s her last year and those days and those labels are fading fast. In a few months she’ll be a different person. She thinks she’s ready for whatever c “I love you,” Polly says suddenly when I’m almost to the door.“I know,” I say.Hermione Winters has been a flyer. She’s been captain of her cheerleading team. The envied girlfriend and the undisputed queen of her school. Now it’s her last year and those days and those labels are fading fast. In a few months she’ll be a different person. She thinks she’s ready for whatever comes next.But then someone puts something in her drink at a party, and in an instant she finds herself wearing new labels, ones she never imagined:Victim. Survivor. That raped girl.Even though this was never the future she imagined, one essential thing remains unchanged: Hermione can still call herself Polly Olivier’s best friend, and that may be the truest label of all.Heartbreaking and empowering, Exit, Pursued by a Bear is the story of transcendent friendship in the face of trauma.“I love you,” I say, because I really, really do.“I know,” says Polly. ...more",c65c25d990fc7025,0,https://books.toscrape.com/catalogue/exit-pursued-by-a-bear_591/index.html
Grey (Fifty Shades #4),Womens Fiction,£48.49,Four,In stock,"See the world of Fifty Shades of Grey anew through the eyes of Christian Grey.In Christian's own words, and through his thoughts, reflections, and dreams, E L James offers a fresh perspective on the love story that has enthralled millions of readers around the world.Christian Grey exercises control in all things; his world is neat, disciplined, and utterly empty—until the See the world of Fifty Shades of Grey anew through the eyes of Christian Grey.In Christian's own words, and through his thoughts, reflections, and dreams, E L James offers a fresh perspective on the love story that has enthralled millions of readers around the world.Christian Grey exercises control in all things; his world is neat, disciplined, and utterly empty—until the day that Anastasia Steele falls into his office, in a tangle of shapely limbs and tumbling brown hair. He tries to forget her, but instead is swept up in a storm of emotion he cannot comprehend and cannot resist. Unlike any woman he has known before, shy, unworldly Ana seems to see right through him—past the business prodigy and the penthouse lifestyle to Christian’s cold, wounded heart.  Will being with Ana dispel the horrors of his childhood that haunt Christian every night? Or will his dark sexual desires, his compulsion to control, and the self-loathing that fills his soul drive this girl away and destroy the fragile hope she offers him?This book is intended for mature audiences. ...more",b5953ca1f8a0b8d7,0,https://books.toscrape.com/catalogue/grey-fifty-shades-4_592/index.html
Keep Me Posted,Womens Fiction,£20.46,Four,In stock,"Two sisters share the surprising highs and cringe-worthy lows of social media fame, when their most private thoughts become incredibly public in this fresh and funny debut novel. Sisters Cassie and Sid Sunday have not done a bang-up job of keeping in touch. In their defense, it hasn’t been easy: life veered in sharply different directions for the once-close sisters. Today, Two sisters share the surprising highs and cringe-worthy lows of social media fame, when their most private thoughts become incredibly public in this fresh and funny debut novel. Sisters Cassie and Sid Sunday have not done a bang-up job of keeping in touch. In their defense, it hasn’t been easy: life veered in sharply different directions for the once-close sisters. Today, beautiful and big-hearted Sid lives an expat’s life of leisure in far-off Singapore, while harried, iPhone-clutching Cassie can’t seem to make it work as a wife and a mom to twin toddlers in Manhattan.   It doesn't help that Sid spurns all social media while Cassie is addicted to Facebook. So when Sid issues a challenge to reconnect the old-fashioned way—through real, handwritten letters—Cassie figures, why not?   The experiment exceeds both of their expectations, and the letters become a kind of mutual confessional that have real and soul-satisfying effects. And they just might have the power to help Cassie save her marriage, and give Sid the strength to get her life back on track.   But first, one of Cassie’s infamous lapses in judgment comes back to bite her, and all of the letters wind up the one place you’d never, ever want to see them: the Internet... ...more",20dc4f1ac5d4fd9c,0,https://books.toscrape.com/catalogue/keep-me-posted_594/index.html
It Didn't Start with You: How Inherited Family Trauma Shapes Who We Are and How to End the Cycle,Psychology,£56.27,Three,In stock,"A groundbreaking approach to transforming traumatic legacies passed down in families over generations, by an acclaimed expert in the field Depression. Anxiety. Chronic Pain. Phobias. Obsessive thoughts. The evidence is compelling: the roots of these difficulties may not reside in our immediate life experience or in chemical imbalances in our brains—but in the lives of our A groundbreaking approach to transforming traumatic legacies passed down in families over generations, by an acclaimed expert in the field  Depression. Anxiety. Chronic Pain. Phobias. Obsessive thoughts. The evidence is compelling: the roots of these difficulties may not reside in our immediate life experience or in chemical imbalances in our brains—but in the lives of our parents, grandparents, and even great-grandparents. The latest scientific research, now making headlines, supports what many have long intuited—that traumatic experience can be passed down through generations. It Didn’t Start with You builds on the work of leading experts in post-traumatic stress, including Mount Sinai School of Medicine neuroscientist Rachel Yehuda and psychiatrist Bessel van der Kolk, author of The Body Keeps the Score. Even if the person who suffered the original trauma has died, or the story has been forgotten or silenced, memory and feelings can live on. These emotional legacies are often hidden, encoded in everything from gene expression to everyday language, and they play a far greater role in our emotional and physical health than has ever before been understood.   As a pioneer in the field of inherited family trauma, Mark Wolynn has worked with individuals and groups on a therapeutic level for over twenty years. It Didn’t Start with You offers a pragmatic and prescriptive guide to his method, the Core Language Approach. Diagnostic self-inventories provide a way to uncover the fears and anxieties conveyed through everyday words, behaviors, and physical symptoms. Techniques for developing a genogram or extended family tree create a map of experiences going back through the generations. And visualization, active imagination, and direct dialogue create pathways to reconnection, integration, and reclaiming life and health. It Didn’t Start With You is a transformative approach to resolving longstanding difficulties that in many cases, traditional therapy, drugs, or other interventions have not had the capacity to touch. ...more",ce8666d9b42fc9a0,0,https://books.toscrape.com/catalogue/it-didnt-start-with-you-how-inherited-family-trauma-shapes-who-we-are-and-how-to-end-the-cycle_593/index.html
M Train,Autobiography,£27.18,One,In stock,"From the National Book Award-winning author of Just Kids: an unforgettable odyssey into the mind of this legendary artist, told through the prism of cafés and haunts she has visited and worked in around the world.M Train is a journey through eighteen ""stations."" It begins in the tiny Greenwich Village café where Smith goes every morning for black coffee, ruminates on the w From the National Book Award-winning author of Just Kids: an unforgettable odyssey into the mind of this legendary artist, told through the prism of cafés and haunts she has visited and worked in around the world.M Train is a journey through eighteen ""stations."" It begins in the tiny Greenwich Village café where Smith goes every morning for black coffee, ruminates on the world as it is and the world as it was, and writes in her notebook. We then travel, through prose that shifts fluidly between dreams and reality, past and present, across a landscape of creative aspirations and inspirations: from Frida Kahlo's Casa Azul in Mexico, to a meeting of an Arctic explorer's society in Berlin; from the ramshackle seaside bungalow in New York's Far Rockaway that Smith buys just before Hurricane Sandy hits, to the graves of Genet, Plath, Rimbaud, and Mishima. Woven throughout are reflections on the writer's craft and on artistic creation, alongside signature memories including her life in Michigan with her husband, guitarist Fred Sonic Smith, whose untimely death was an irremediable loss. For it is loss, as well as the consolation we might salvage from it, that lies at the heart of this exquisitely told memoir, one augmented by stunning black-and-white Polaroids taken by Smith herself. M Train is a meditation on endings and on beginnings: a poetic tour de force by one of the most brilliant multiplatform artists at work today. ...more",5569c3fea112718e,0,https://books.toscrape.com/catalogue/m-train_598/index.html
Lilac Girls,Historical Fiction,£17.28,Two,In stock,"Inspired by the life of a real World War II heroine, this debut novel reveals a story of love, redemption, and secrets that were hidden for decades.New York socialite Caroline Ferriday has her hands full with her post at the French consulate and a new love on the horizon. But Caroline’s world is forever changed when Hitler’s army invades Poland in September 1939—and then s Inspired by the life of a real World War II heroine, this debut novel reveals a story of love, redemption, and secrets that were hidden for decades. New York socialite Caroline Ferriday has her hands full with her post at the French consulate and a new love on the horizon. But Caroline’s world is forever changed when Hitler’s army invades Poland in September 1939—and then sets its sights on France.   An ocean away from Caroline, Kasia Kuzmerick, a Polish teenager, senses her carefree youth disappearing as she is drawn deeper into her role as courier for the underground resistance movement. In a tense atmosphere of watchful eyes and suspecting neighbors, one false move can have dire consequences.   For the ambitious young German doctor, Herta Oberheuser, an ad for a government medical position seems her ticket out of a desolate life. Once hired, though, she finds herself trapped in a male-dominated realm of Nazi secrets and power.   The lives of these three women are set on a collision course when the unthinkable happens and Kasia is sent to Ravensbrück, the notorious Nazi concentration camp for women. Their stories cross continents—from New York to Paris, Germany, and Poland—as Caroline and Kasia strive to bring justice to those whom history has forgotten. ...more",bade9943ee01b63f,0,https://books.toscrape.com/catalogue/lilac-girls_597/index.html
Lab Girl,Autobiography,£40.85,One,In stock,"""A smart, enthralling, and winning debut.” —Cheryl Strayed Acclaimed scientist Hope Jahren has built three laboratories in which she’s studied trees, flowers, seeds, and soil. Her first book is a revelatory treatise on plant life—but it is also so much more. Lab Girl is a book about work, love, and the mountains that can be moved when those two things come together. It is ""A smart, enthralling, and winning debut.” —Cheryl Strayed   Acclaimed scientist Hope Jahren has built three laboratories in which she’s studied trees, flowers, seeds, and soil. Her first book is a revelatory treatise on plant life—but it is also so much more. Lab Girl is a book about work, love, and the mountains that can be moved when those two things come together. It is told through Jahren’s stories: about her childhood in rural Minnesota with an uncompromising mother and a father who encouraged hours of play in his classroom’s labs; about how she found a sanctuary in science, and learned to perform lab work done “with both the heart and the hands”; and about the inevitable disappointments, but also the triumphs and exhilarating discoveries, of scientific work.Yet at the core of this book is the story of a relationship Jahren forged with a brilliant, wounded man named Bill, who becomes her lab partner and best friend. Their sometimes rogue adventures in science take them from the Midwest across the United States and back again, over the Atlantic to the ever-light skies of the North Pole and to tropical Hawaii, where she and her lab currently make their home. ...more",825d6c44da3ca5a6,0,https://books.toscrape.com/catalogue/lab-girl_595/index.html
Lies and Other Acts of Love,Fiction,£45.14,One,In stock,"Dear Carolina was praised as “Southern fiction at its best.”* Now author Kristy Woodson Harvey presents a new novel about what it really means to tell the truth . . . After sixty years of marriage and five daughters, Lynn “Lovey” White knows that all of us, from time to time, need to use our little white lies. Her granddaughter, Annabelle, on the other hand, is as truth Dear Carolina was praised as “Southern fiction at its best.”* Now author Kristy Woodson Harvey presents a new novel about what it really means to tell the truth . . .   After sixty years of marriage and five daughters, Lynn “Lovey” White knows that all of us, from time to time, need to use our little white lies.   Her granddaughter, Annabelle, on the other hand, is as truthful as they come. She always does the right thing—that is, until she dumps her hedge fund manager fiancé and marries a musician she has known for three days. After all, her grandparents, who fell in love at first sight, have shared a lifetime of happiness, even through her grandfather’s declining health.   But when Annabelle’s world starts to collapse around her, she discovers that nothing about her picture-perfect family is as it seems. And Lovey has to decide whether one more lie will make or break the ones she loves . . . ...more",469508882dfc1991,0,https://books.toscrape.com/catalogue/lies-and-other-acts-of-love_596/index.html
"Mother, Can You Not?",Nonfiction,£16.89,Five,In stock,"Based on the wildly popular Instagram account @CrazyJewishMom, Kate Siegel's essay collection about life with the woman who redefined the term ""helicopter mom"" There is nothing more wonderful than a mother’s love. There is also nothing more annoying. Who else can proudly insist that you’re perfect while simultaneously making you question every career, fashion, andrelation Based on the wildly popular Instagram account @CrazyJewishMom, Kate Siegel's essay collection about life with the woman who redefined the term ""helicopter mom""   There is nothing more wonderful than a mother’s love. There is also nothing more annoying. Who else can proudly insist that you’re perfect while simultaneously making you question every career, fashion, and relationship decision you have ever made?   No one understands the delicate mother-daughter dynamic better than Kate Siegel—her own mother drove her so crazy that she decided to broadcast their hilarious conversations on Instagram. Soon, hundreds of thousands of people were following their daily text exchanges, eager to see what outrageous thing Kate’s mom would do next. Now, in Mother, Can You NOT?, Kate pays tribute to the woman who invented the concept of drone parenting.  From embarrassing moments (like crashing Kate's gynecological exams) to outrageous stories (like the time she made Kate steal a cat from the pound) to hilarious celebrations (including but not limited to parties for Kate's menstrual cycles), Mother, Can you NOT? lovingly lampoons the lengths to which our mothers will go to better our lives (even if it feels like they’re ruining them in the process). ...more",28b2df9fadc9f07e,0,https://books.toscrape.com/catalogue/mother-can-you-not_599/index.html
Mothering Sunday,Fiction,£13.34,Two,In stock,"From the Booker Award winner: a luminous, profoundly moving work of fiction that begins with an afternoon tryst in 1924 between a servant girl and the young man of the neighboring house, but then opens to reveal the whole life of a remarkable woman.Twenty-two year old Jane Fairchild, orphaned at birth, has worked as a maid at one English country estate since she was sixtee From the Booker Award winner: a luminous, profoundly moving work of fiction that begins with an afternoon tryst in 1924 between a servant girl and the young man of the neighboring house, but then opens to reveal the whole life of a remarkable woman.Twenty-two year old Jane Fairchild, orphaned at birth, has worked as a maid at one English country estate since she was sixteen. And for almost all of those years she has been the secret lover to Paul Sheringham, the scion of the estate next door. On an unseasonably warm March afternoon, Jane and Paul will make love for the last time--though not, as Jane believes, because Paul is about to be married--and the events of the day will alter Jane's life forever. As the narrative moves back and forth from 1924 to the end of the century, what we know and understand about Jane--about the way she loves, thinks, feels, sees, remembers--deepens with every beautifully wrought moment. Her story is one of profound self-discovery and through her, Graham Swift has created an emotionally soaring and deeply affecting work of fiction. ...more",47e1b2d43f709995,0,https://books.toscrape.com/catalogue/mothering-sunday_600/index.html
Silence in the Dark (Logan Point #4),Suspense,£58.33,Three,In stock,"Two years ago, Bailey Adams broke off her engagement to Danny Maxwell and fled Logan Point for the mission field in Chihuahua, Mexico. Now she's about to return home to the States, but there's just one problem. After Bailey meets with the uncle of one of the mission children in the city, she barely escapes a sudden danger. Now she's on the run--she just doesn't know from w Two years ago, Bailey Adams broke off her engagement to Danny Maxwell and fled Logan Point for the mission field in Chihuahua, Mexico. Now she's about to return home to the States, but there's just one problem. After Bailey meets with the uncle of one of the mission children in the city, she barely escapes a sudden danger. Now she's on the run--she just doesn't know from whom. To make matters worse, people who help her along the way find themselves in danger too--including Danny. Who is after her? Will they ever let up? And in the midst of the chaos, can Bailey keep herself from falling in love with her rescuer all over again?With lean, fast-paced prose that keeps readers turning the pages, Patricia Bradley pens a superb story of suspense and second chances. ...more",e46a164cf310fd7d,0,https://books.toscrape.com/catalogue/silence-in-the-dark-logan-point-4_542/index.html
Shadows of the Past (Logan Point #1),Christian Fiction,£39.67,Five,In stock,"Psychology professor and criminal profiler Taylor Martin prides herself on being able to solve any crime, except the one she wants most desperately to solve--the disappearance of her father twenty years ago. When she finally has a lead on his whereabouts, Taylor returns home to Logan Point, Mississippi, to investigate. But as she is stalking the truth about the past, someo Psychology professor and criminal profiler Taylor Martin prides herself on being able to solve any crime, except the one she wants most desperately to solve--the disappearance of her father twenty years ago. When she finally has a lead on his whereabouts, Taylor returns home to Logan Point, Mississippi, to investigate. But as she is stalking the truth about the past, someone is stalking her.Nick Sinclair pens mystery novels for a living, but the biggest mystery to him is how he can ever get over the death of his wife--a tragedy he believes he could have prevented. With his estranged brother the only family he has left, Nick sets out to find him. But when he crosses paths with Taylor, all he seems to find is trouble. ...more",bee6e93e9976f4fa,0,https://books.toscrape.com/catalogue/shadows-of-the-past-logan-point-1_541/index.html
South of Sunshine,Young Adult,£28.93,One,In stock,"What is Kaycee willing to risk for the sake of love? And what will she risk for acceptance?In Sunshine, Tennessee, the main event in town is Friday night football, the biggest party of the year is held in a field filled with pickup trucks, and church attendance is mandatory. For Kaycee Jean McCoy, life in Sunshine means dating guys she has no interest in, saying only “yes, What is Kaycee willing to risk for the sake of love? And what will she risk for acceptance?In Sunshine, Tennessee, the main event in town is Friday night football, the biggest party of the year is held in a field filled with pickup trucks, and church attendance is mandatory. For Kaycee Jean McCoy, life in Sunshine means dating guys she has no interest in, saying only “yes, ma’am” when the local bigots gossip at her mom’s cosmetics salon, and avoiding certain girls at all costs. Girls like Bren Dawson.Unlike Kaycee, Bren doesn’t really conceal who she is. But as the cool, worldly new girl, nobody at school seems to give her any trouble. Maybe there’s no harm if Kaycee gets closer to her too, as long as she can keep that part of her life a secret, especially from her family and her best friend. But the more serious things get with Bren, the harder it is to hide from everyone else. Kaycee knows Sunshine has a darker side for people like her, and she’s risking everything for the chance to truly be herself. ...more",331c26103d885cae,0,https://books.toscrape.com/catalogue/south-of-sunshine_544/index.html
Smarter Faster Better: The Secrets of Being Productive in Life and Business,Nonfiction,£38.89,Five,In stock,"A new book that explores the science of productivity, and why, in today’s world, managing how you think—rather than what you think—can transform your life.",a2475a245c9907c4,0,https://books.toscrape.com/catalogue/smarter-faster-better-the-secrets-of-being-productive-in-life-and-business_543/index.html
The E-Myth Revisited: Why Most Small Businesses Don't Work and What to Do About It,Business,£36.91,One,In stock,"E-Myth  'e-,'mith n 1: the entrepreneurial myth: the myth that most people who start small businesses are entrepreneurs 2: the fatal assumption that an individual who understands the technical work of a business can successfully run a business that does that technical workVoted #1 business book by Inc. 500 CEOs.An instant classic, this revised and updated edition of the E-Myth  'e-,'mith n 1: the entrepreneurial myth: the myth that most people who start small businesses are entrepreneurs 2: the fatal assumption that an individual who understands the technical work of a business can successfully run a business that does that technical workVoted #1 business book by Inc. 500 CEOs.An instant classic, this revised and updated edition of the phenomenal bestseller dispels the myths about starting your own business. Small business consultant and author Michael E. Gerber, with sharp insight gained from years of experience, points out how common assumptions, expectations, and even technical expertise can get in the way of running a successful business.Gerber walks you through the steps in the life of a business—from entrepreneurial infancy through adolescent growing pains to the mature entrepreneurial perspective: the guiding light of all businesses that succeed—and shows how to apply the lessons of franchising to any business, whether or not it is a franchise. Most importantly, Gerber draws the vital, often overlooked distinction between working on your business and working in your business.The E-Myth Revisited will help you grow your business in a productive, assured way. ...more",a2308a936e898d48,0,https://books.toscrape.com/catalogue/the-e-myth-revisited-why-most-small-businesses-dont-work-and-what-to-do-about-it_545/index.html
The Grownup,Short Stories,£35.88,One,In stock,"A canny young woman is struggling to survive by perpetrating various levels of mostly harmless fraud. On a rainy April morning, she is reading auras at Spiritual Palms when Susan Burke walks in. A keen observer of human behavior, our unnamed narrator immediately diagnoses beautiful, rich Susan as an unhappy woman eager to give her lovely life a drama injection. However, wh A canny young woman is struggling to survive by perpetrating various levels of mostly harmless fraud. On a rainy April morning, she is reading auras at Spiritual Palms when Susan Burke walks in. A keen observer of human behavior, our unnamed narrator immediately diagnoses beautiful, rich Susan as an unhappy woman eager to give her lovely life a drama injection. However, when the ""psychic"" visits the eerie Victorian home that has been the source of Susan's terror and grief, she realizes she may not have to pretend to believe in ghosts anymore. Miles, Susan's teenage stepson, doesn't help matters with his disturbing manner and grisly imagination. The three are soon locked in a chilling battle to discover where the evil truly lurks and what, if anything, can be done to escape it. ...more",1bba4b1ba23ed2d6,0,https://books.toscrape.com/catalogue/the-grownup_546/index.html
The High Mountains of Portugal,Fiction,£51.15,One,In stock,"In Lisbon in 1904, a young man named Tomás discovers an old journal. It hints at the existence of an extraordinary artifact that—if he can find it—would redefine history. Traveling in one of Europe’s earliest automobiles, he sets out in search of this strange treasure.Thirty-five years later, a Portuguese pathologist devoted to the murder mysteries of Agatha Christie finds In Lisbon in 1904, a young man named Tomás discovers an old journal. It hints at the existence of an extraordinary artifact that—if he can find it—would redefine history. Traveling in one of Europe’s earliest automobiles, he sets out in search of this strange treasure.Thirty-five years later, a Portuguese pathologist devoted to the murder mysteries of Agatha Christie finds himself at the center of a mystery of his own and drawn into the consequences of Tomás’s quest.Fifty years on, a Canadian senator takes refuge in his ancestral village in northern Portugal, grieving the loss of his beloved wife. But he arrives with an unusual companion: a chimpanzee. And there the century-old quest will come to an unexpected conclusion.The High Mountains of Portugal—part quest, part ghost story, part contemporary fable—offers a haunting exploration of great love and great loss. Filled with tenderness, humor, and endless surprise, it takes the reader on a road trip through Portugal in the last century—and through the human soul. ...more",4f283dfcbeccc0d4,0,https://books.toscrape.com/catalogue/the-high-mountains-of-portugal_547/index.html
The Martian (The Martian #1),Default,£41.39,Two,In stock,"A mission to Mars.A freak accident.One man's struggle to survive.Six days ago, astronaut Mark Watney became one of the first people to walk on Mars. Now, he's sure he'll be the first person to die there.After a dust storm nearly kills him and forces his crew to evacuate the planet while thinking him dead, Mark finds himself stranded on Mars' surface, completely alone, with A mission to Mars.A freak accident.One man's struggle to survive.Six days ago, astronaut Mark Watney became one of the first people to walk on Mars. Now, he's sure he'll be the first person to die there.After a dust storm nearly kills him and forces his crew to evacuate the planet while thinking him dead, Mark finds himself stranded on Mars' surface, completely alone, with no way to signal Earth that he’s alive. And even if he could get word out, his supplies would be gone years before a rescue could arrive.Chances are, though, Mark won't have time to starve to death. The damaged machinery, unforgiving environment or plain-old ""human error"" are much more likely to kill him first. But Mark's not ready to quit. Armed with nothing but his ingenuity and his engineering skills—and a gallows sense of humor that proves to be his greatest source of strength–he embarks on a dogged quest to stay alive, using his botany expertise to grow food and even hatching a mad plan to contact NASA back on Earth.As he overcomes one seemingly insurmountable obstacle after the next, Mark begins to let himself believe he might make it off the planet alive.But Mars has plenty of surprises in store for him yet.Grounded in real, present-day science from the first page to the last, yet propelled by a brilliantly ingenious plot that surprises the reader again and again, The Martian is a truly remarkable thriller: an impossible-to-put-down suspense novel that manages to read like a real-life survival tale. ...more",9afd00e81d6208e6,0,https://books.toscrape.com/catalogue/the-martian-the-martian-1_548/index.html
The New Drawing on the Right Side of the Brain,Art,£43.02,Three,In stock,"When Drawing on the Right Side of the Brain was first published in 1979, it hit the New York Times bestseller list within two weeks and stayed there for more than a year. In 1989, when Dr. Betty Edwards revised the book, it went straight to the Times list again. Now Dr. Edwards celebrates the twentieth anniversary of her classic book with a second revised edition.Over the When Drawing on the Right Side of the Brain was first published in 1979, it hit the New York Times bestseller list within two weeks and stayed there for more than a year. In 1989, when Dr. Betty Edwards revised the book, it went straight to the Times list again. Now Dr. Edwards celebrates the twentieth anniversary of her classic book with a second revised edition.Over the last decade, Dr. Edwards has refined her material through teaching hundreds of workshops and seminars. Truly The New Drawing on the Right Side of the Brain, this edition includes:the very latest developments in brain researchnew material on using drawing techniques in the corporate world and in educationinstruction on self-expression through drawingan updated section on using colordetailed information on using the five basic skills of drawing for problem solving ...more",3eec766dda26fa64,0,https://books.toscrape.com/catalogue/the-new-drawing-on-the-right-side-of-the-brain_550/index.html
The Unlikely Pilgrimage of Harold Fry (Harold Fry #1),Default,£43.62,Five,In stock,"Harold Fry is convinced that he must deliver a letter to an old friend in order to save her, meeting various characters along the way and reminiscing about the events of his past and people he has known, as he tries to find peace and acceptance.Recently retired, sweet, emotionally numb Harold Fry is jolted out of his passivity by a letter from Queenie Hennessy, an old frie Harold Fry is convinced that he must deliver a letter to an old friend in order to save her, meeting various characters along the way and reminiscing about the events of his past and people he has known, as he tries to find peace and acceptance.Recently retired, sweet, emotionally numb Harold Fry is jolted out of his passivity by a letter from Queenie Hennessy, an old friend, who he hasn't heard from in twenty years. She has written to say she is in hospice and wanted to say goodbye. Leaving his tense, bitter wife Maureen to her chores, Harold intends a quick walk to the corner mailbox to post his reply but instead, inspired by a chance encounter, he becomes convinced he must deliver his message in person to Queenie--who is 600 miles away--because as long as he keeps walking, Harold believes that Queenie will not die. So without hiking boots, rain gear, map or cell phone, one of the most endearing characters in current fiction begins his unlikely pilgrimage across the English countryside. Along the way, strangers stir up memories--flashbacks, often painful, from when his marriage was filled with promise and then not, of his inadequacy as a father, and of his shortcomings as a husband. Ironically, his wife Maureen, shocked by her husband's sudden absence, begins to long for his presence. Is it possible for Harold and Maureen to bridge the distance between them? And will Queenie be alive to see Harold arrive at her door? ...more",e0bdd79c7304ee8d,0,https://books.toscrape.com/catalogue/the-unlikely-pilgrimage-of-harold-fry-harold-fry-1_551/index.html
Vagabonding: An Uncommon Guide to the Art of Long-Term World Travel,Travel,£36.94,Two,In stock,"With a new foreword by Tim Ferriss •There’s nothing like vagabonding: taking time off from your normal life—from six weeks to four months to two years—to discover and experience the world on your own terms. In this one-of-a-kind handbook, veteran travel writer Rolf Potts explains how anyone armed with an independent spirit can achieve the dream of extended overseas travel. With a new foreword by Tim Ferriss • There’s nothing like vagabonding: taking time off from your normal life—from six weeks to four months to two years—to discover and experience the world on your own terms. In this one-of-a-kind handbook, veteran travel writer Rolf Potts explains how anyone armed with an independent spirit can achieve the dream of extended overseas travel. Now completely revised and updated, Vagabonding is an accessible and inspiring guide to   • financing your travel time • determining your destination • adjusting to life on the road • working and volunteering overseas • handling travel adversity • re-assimilating back into ordinary life  Praise for Vagabonding  “A crucial reference for any budget wanderer.”—Time  “Vagabonding easily remains in my top-10 list of life-changing books. Why? Because one incredible trip, especially a long-term trip, can change your life forever. And Vagabonding teaches you how to travel (and think), not just for one trip, but for the rest of your life.”—Tim Ferriss, from the foreword   “The book is a meditation on the joys of hitting the road. . . . It’s also a primer for those with a case of pent-up wanderlust seeking to live the dream.”—USA Today   “I couldn’t put this book down. It’s a whole different ethic of travel. . . . [Potts’s] practical advice might just convince you to enjoy that open-ended trip of a lifetime.”—Rick Steves   “Potts wants us to wander, to explore, to embrace the unknown, and, finally, to take our own damn time about it. I think this is the most sensible book of travel-related advice ever written.”—Tim Cahill, founding editor of Outside ...more",1809259a5a5f1d8d,0,https://books.toscrape.com/catalogue/vagabonding-an-uncommon-guide-to-the-art-of-long-term-world-travel_552/index.html
When Breath Becomes Air,Nonfiction,£39.36,Two,In stock,"THE NEW YORK TIMES NUMBER ONE BESTSELLER'Finishing this book and then forgetting about it is simply not an option...Unmissable' New York TimesAt the age of thirty-six, on the verge of completing a decade’s training as a neurosurgeon, Paul Kalanithi was diagnosed with inoperable lung cancer. One day he was a doctor treating the dying, the next he was a patient struggling to THE NEW YORK TIMES NUMBER ONE BESTSELLER'Finishing this book and then forgetting about it is simply not an option...Unmissable' New York TimesAt the age of thirty-six, on the verge of completing a decade’s training as a neurosurgeon, Paul Kalanithi was diagnosed with inoperable lung cancer. One day he was a doctor treating the dying, the next he was a patient struggling to live.When Breath Becomes Air chronicles Kalanithi’s transformation from a medical student asking what makes a virtuous and meaningful life into a neurosurgeon working in the core of human identity – the brain – and finally into a patient and a new father.What makes life worth living in the face of death? What do you do when when life is catastrophically interrupted? What does it mean to have a child as your own life fades away?Paul Kalanithi died while working on this profoundly moving book, yet his words live on as a guide to us all. When Breath Becomes Air is a life-affirming reflection on facing our mortality and on the relationship between doctor and patient, from a gifted writer who became both. ...more",b69c852e7e3956af,0,https://books.toscrape.com/catalogue/when-breath-becomes-air_553/index.html
Why Not Me?,Nonfiction,£17.76,One,In stock,"In Why Not Me?, Kaling shares her ongoing journey to find contentment and excitement in her adult life, whether it’s falling in love at work, seeking new friendships in lonely places, attempting to be the first person in history to lose weight without any behavior modification whatsoever, or most important, believing that you have a place in Hollywood when you’re constantl In Why Not Me?, Kaling shares her ongoing journey to find contentment and excitement in her adult life, whether it’s falling in love at work, seeking new friendships in lonely places, attempting to be the first person in history to lose weight without any behavior modification whatsoever, or most important, believing that you have a place in Hollywood when you’re constantly reminded that no one looks like you.In “How to Look Spectacular: A Starlet’s Confessions,” Kaling gives her tongue-in-cheek secrets for surefire on-camera beauty, (“Your natural hair color may be appropriate for your skin tone, but this isn’t the land of appropriate–this is Hollywood, baby. Out here, a dark-skinned woman’s traditional hair color is honey blonde.”) “Player” tells the story of Kaling being seduced and dumped by a female friend in L.A. (“I had been replaced by a younger model. And now they had matching bangs.”) In “Unlikely Leading Lady,” she muses on America’s fixation with the weight of actresses, (“Most women we see onscreen are either so thin that they’re walking clavicles or so huge that their only scenes involve them breaking furniture.”) And in “Soup Snakes,” Kaling spills some secrets on her relationship with her ex-boyfriend and close friend, B.J. Novak (“I will freely admit: my relationship with B.J. Novak is weird as hell.”)Mindy turns the anxieties, the glamour, and the celebrations of her second coming-of-age into a laugh-out-loud funny collection of essays that anyone who’s ever been at a turning point in their life or career can relate to. And those who’ve never been at a turning point can skip to the parts where she talks about meeting Bradley Cooper. ...more",04f6c929888f4f11,0,https://books.toscrape.com/catalogue/why-not-me_554/index.html
"Zero to One: Notes on Startups, or How to Build the Future",Nonfiction,£34.06,Three,In stock,"If you want to build a better future, you must believe in secrets.The great secret of our time is that there are still uncharted frontiers to explore and new inventions to create. In Zero to One , legendary entrepreneur and investor Peter Thiel shows how we can find singular ways to create those new things. Thiel begins with the contrarian premise that we live in an age o If you want to build a better future, you must believe in secrets.The great secret of our time is that there are still uncharted frontiers to explore and new inventions to create. In Zero to One , legendary entrepreneur and investor Peter Thiel shows how we can find singular ways to create those new things. Thiel begins with the contrarian premise that we live in an age of technological stagnation, even if we’re too distracted by shiny mobile devices to notice. Information technology has improved rapidly, but there is no reason why progress should be limited to computers or Silicon Valley. Progress can be achieved in any industry or area of business. It comes from the most important skill that every leader must master: learning to think for yourself.Doing what someone else already knows how to do takes the world from 1 to n, adding more of something familiar. But when you do something new, you go from 0 to 1. The next Bill Gates will not build an operating system. The next Larry Page or Sergey Brin won’t make a search engine. Tomorrow’s champions will not win by competing ruthlessly in today’s marketplace. They will escape competition altogether, because their businesses will be unique. Zero to One presents at once an optimistic view of the future of progress in America and a new way of thinking about innovation: it starts by learning to ask the questions that lead you to find value in unexpected places. ...more",e77033ce559947f7,0,https://books.toscrape.com/catalogue/zero-to-one-notes-on-startups-or-how-to-build-the-future_555/index.html
23 Degrees South: A Tropical Tale of Changing Whether...,Add a comment,£35.79,Two,In stock,"""Consistently entertaining courtesy of Rabin's humor-laced prose...a witty, boisterous ride!"" -Kirkus Reviews""An action packed story complete with some hilarious scenes can be enjoyed in this amusing and entertaining adventurous adult coming-of-age tale...An exemplary and highly entertaining read for today’s hectic pace of living—highly recommended."" --Chanticleer Reviews2 ""Consistently entertaining courtesy of Rabin's humor-laced prose...a witty, boisterous ride!"" -Kirkus Reviews""An action packed story complete with some hilarious scenes can be enjoyed in this amusing and entertaining adventurous adult coming-of-age tale...An exemplary and highly entertaining read for today’s hectic pace of living—highly recommended."" --Chanticleer Reviews23 DEGREES SOUTH follows two 23 year-old childhood pals, Hart and Simon, on a twisting and unexpected adventure of force-fed self-discovery. The story departs from the tennis courts of Southern California traveling to the back streets of Sao Paulo, through the treacherous jungles of Brazil, then back again. Meet an eclectic collection of characters, including a Capoeira Master, a Jesuit Priest, and a geriatric Nazi, who all weave their way in, out, and around the path of our two heroes. ...more",61cf7eb9d2cd8bb0,0,https://books.toscrape.com/catalogue/23-degrees-south-a-tropical-tale-of-changing-whether_556/index.html
"The Midnight Assassin: Panic, Scandal, and the Hunt for America's First Serial Killer",Nonfiction,£28.45,Four,In stock,"A sweeping narrative history of a terrifying serial killer--America's first--who stalked Austin, Texas in 1885In the late 1800s, the city of Austin, Texas was on the cusp of emerging from an isolated western outpost into a truly cosmopolitan metropolis. But beginning in December 1884, Austin was terrorized by someone equally as vicious and, in some ways, far more diabolica A sweeping narrative history of a terrifying serial killer--America's first--who stalked Austin, Texas in 1885In the late 1800s, the city of Austin, Texas was on the cusp of emerging from an isolated western outpost into a truly cosmopolitan metropolis. But beginning in December 1884, Austin was terrorized by someone equally as vicious and, in some ways, far more diabolical than London's infamous Jack the Ripper. For almost exactly one year, the Midnight Assassin crisscrossed the entire city, striking on moonlit nights, using axes, knives, and long steel rods to rip apart women from every race and class. At the time the concept of a serial killer was unthinkable, but the murders continued, the killer became more brazen, and the citizens' panic reached a fever pitch.Before it was all over, at least a dozen men would be arrested in connection with the murders, and the crimes would expose what a newspaper described as ""the most extensive and profound scandal ever known in Austin."" And yes, when Jack the Ripper began his attacks in 1888, London police investigators did wonder if the killer from Austin had crossed the ocean to terrorize their own city.With vivid historical detail and novelistic flair, Texas Monthly journalist Skip Hollandsworth brings this terrifying saga to life. ...more",5a0d2e9284004266,0,https://books.toscrape.com/catalogue/the-midnight-assassin-panic-scandal-and-the-hunt-for-americas-first-serial-killer_549/index.html
A Hero's Curse (The Unseen Chronicles #1),Add a comment,£50.49,Three,In stock,"Essie Brightsday has never heard a rock basilisk scream. She has never worn magical armor, stood up to a queen, or run from dragons. Instead, Essie, her sarcastic cat Tigrabum, (just call him ""Tig""), and her secretive family struggle to survive on their small farm nestled against the forbidding cliffs of the Valley of Fire. But all that is about to change when a rebellion Essie Brightsday has never heard a rock basilisk scream. She has never worn magical armor, stood up to a queen, or run from dragons. Instead, Essie, her sarcastic cat Tigrabum, (just call him ""Tig""), and her secretive family struggle to survive on their small farm nestled against the forbidding cliffs of the Valley of Fire. But all that is about to change when a rebellion against the cruel interim ruler is sparked. Forced to flee for their lives, Essie and Tig lose themselves in the twisting labyrinth of the ancient lava flow. When Essie finds proof that the missing King Mactogonii may be alive, she is given the opportunity to help restore stability to the kingdom. But the course of her journey will force her to face her deepest fears and unravel the mystery behind her own blindness...if Essie can survive the encounter. ...more",c181ca8eabe7d18c,0,https://books.toscrape.com/catalogue/a-heros-curse-the-unseen-chronicles-1_557/index.html
A Shard of Ice (The Black Symphony Saga #1),Fantasy,£56.63,Three,In stock,"THEIR SOULS, REAWAKENED.When 13-year-old Lilix Morgan is found alive and floating on a bed of ice at sea, everyone counts it a miracle. Kidnapped nearly four weeks earlier, she remembers nothing of her mysterious abduction. When she tries to remember what happened, she hears only a melody – a faint and delicate set of notes, strung together in a tune she doesn’t understand THEIR SOULS, REAWAKENED.When 13-year-old Lilix Morgan is found alive and floating on a bed of ice at sea, everyone counts it a miracle. Kidnapped nearly four weeks earlier, she remembers nothing of her mysterious abduction. When she tries to remember what happened, she hears only a melody – a faint and delicate set of notes, strung together in a tune she doesn’t understand. THEIR POWER, UNMATCHED.A year later and desperate to put the lingering nightmares of her past behind her, Lilix crosses the country to enroll at Baelmorte Academy, aiming to become the violinist she once dreamt of. Things seem to be finally going well, and Lilix settles into a routine of sheet music and inspiration among new friends.Then the dreams start. The melody and night terrors she thought she’d left behind return with a vengeance, threatening to ruin her fragile version of normalcy. Then an unlikely ally tells her that she isn’t alone. That there are others just like her, fighting to hide their own shocking truths from coming to light. That they know who she is, and what she’s been through. Now, accompanied by four other girls, Lilix discovers her nightmares are larger than a single trauma; they’re a window to a hidden part of her soul, a place of immense power with a destiny that cannot be ignored. THEIR BATTLE, IS ONLY BEGINNING.With this knowledge comes a new and frightening reality. For Lilix has been reawakened to stop an age-old enemy, one thought to have been destroyed centuries ago. Trapped by her destiny, Lilix is torn between what feels right and what she remembers. Her memories tell her of a star-crossed love waiting to be reunited, of friendships and trust broken in the past. But can she save that love when reality brings her an enemy, and an evil that will be the undoing of them all if they don’t destroy it? ...more",63d5f1651880dcea,0,https://books.toscrape.com/catalogue/a-shard-of-ice-the-black-symphony-saga-1_558/index.html
Art and Fear: Observations on the Perils (and Rewards) of Artmaking,Art,£48.63,Four,In stock,"""This is a book about making art. Ordinary art. Ordinary art means something like: all art not made by Mozart. After all, art is rarely made by Mozart-like people; essentially—statistically speaking—there aren't any people like that. Geniuses get made once-a-century or so, yet good art gets made all the time, so to equate the making of art with the workings of genius remov ""This is a book about making art. Ordinary art. Ordinary art means something like: all art not made by Mozart. After all, art is rarely made by Mozart-like people; essentially—statistically speaking—there aren't any people like that. Geniuses get made once-a-century or so, yet good art gets made all the time, so to equate the making of art with the workings of genius removes this intimately human activity to a strangely unreachable and unknowable place. For all practical purposes making art can be examined in great detail without ever getting entangled in the very remote problems of genius.""—-from the IntroductionArt & Fear explores the way art gets made, the reasons it often doesn't get made, and the nature of the difficulties that cause so many artists to give up along the way. The book's co-authors, David Bayles and Ted Orland, are themselves both working artists, grappling daily with the problems of making art in the real world. Their insights and observations, drawn from personal experience, provide an incisive view into the world of art as it is expeienced by artmakers themselves.This is not your typical self-help book. This is a book written by artists, for artists -— it's about what it feels like when artists sit down at their easel or keyboard, in their studio or performance space, trying to do the work they need to do. First published in 1994, Art & Fear quickly became an underground classic. Word-of-mouth response alone—now enhanced by internet posting—has placed it among the best-selling books on artmaking and creativity nationally.Art & Fear has attracted a remarkably diverse audience, ranging from beginning to accomplished artists in every medium, and including an exceptional concentration among students and teachers. The original Capra Press edition of Art & Fear sold 80,000 copies.An excerpt:Today, more than it was however many years ago, art is hard because you have to keep after it so consistently. On so many different fronts. For so little external reward. Artists become veteran artists only by making peace not just with themselves, but with a huge range of issues. You have to find your work... ...more",d6d9ffea95f2f8bf,0,https://books.toscrape.com/catalogue/art-and-fear-observations-on-the-perils-and-rewards-of-artmaking_559/index.html
Chernobyl 01:23:40: The Incredible True Story of the World's Worst Nuclear Disaster,Nonfiction,£35.92,Two,In stock,"At 01:23:40 on April 26th 1986, Alexander Akimov pressed the emergency shutdown button at Chernobyl’s fourth nuclear reactor. It was an act that forced the permanent evacuation of a city, killed thousands and crippled the Soviet Union. The event spawned decades of conflicting, exaggerated and inaccurate stories.This book, the result of five years of research, presents an a At 01:23:40 on April 26th 1986, Alexander Akimov pressed the emergency shutdown button at Chernobyl’s fourth nuclear reactor. It was an act that forced the permanent evacuation of a city, killed thousands and crippled the Soviet Union. The event spawned decades of conflicting, exaggerated and inaccurate stories.This book, the result of five years of research, presents an accessible but comprehensive account of what really happened. From the desperate fight to prevent a burning reactor core from irradiating eastern Europe, to the self-sacrifice of the heroic men who entered fields of radiation so strong that machines wouldn’t work, to the surprising truth about the legendary ‘Chernobyl divers’, all the way through to the USSR’s final show-trial. The historical narrative is interwoven with a story of the author’s own spontaneous journey to Ukraine’s still-abandoned city of Pripyat and the wider Chernobyl Zone.Complete with over 45 pages of photographs of modern-day Pripyat and technical diagrams of the power station, Chernobyl 01:23:40 is a fascinating new account of the world’s worst nuclear disaster. ...more",7186241e043de5dc,0,https://books.toscrape.com/catalogue/chernobyl-012340-the-incredible-true-story-of-the-worlds-worst-nuclear-disaster_560/index.html
The Whale,Childrens,£35.96,Four,In stock,"A wordless epic sea adventureThere is a legend that a Great Spotted Whale lives in the ocean, although a sighting fifty years ago was never corroborated. Now two young whale watchers each set out to find the whale, one armed with sound-recording equipment, the other with a camera. When their boats collide, they pool their resources to capture incontrovertible proof that th A wordless epic sea adventureThere is a legend that a Great Spotted Whale lives in the ocean, although a sighting fifty years ago was never corroborated. Now two young whale watchers each set out to find the whale, one armed with sound-recording equipment, the other with a camera. When their boats collide, they pool their resources to capture incontrovertible proof that the mythical whale exists. The eventual sighting is a magical moment, especially when the children discover that it was their own grandparents who first glimpsed the whale fifty years ago. The Murrows’ spectacular wordless adventure is brought to life with stunning graphite drawings that convey the drama and haunting beauty of the ocean and capture the majesty of the awe-inspiring whale. ...more",0ff9d10864db8364,0,https://books.toscrape.com/catalogue/the-whale_501/index.html
The Year of Living Biblically: One Man's Humble Quest to Follow the Bible as Literally as Possible,Default,£34.72,One,In stock,"From the bestselling author of ""The Know-It-All"" comes a fascinating and timely exploration of religion and the Bible.Raised in a secular family but increasingly interested in the relevance of faith in our modern world, A.J. Jacobs decides to dive in headfirst and attempt to obey the Bible as literally as possible for one full year. He vows to follow the Ten Commandments. From the bestselling author of ""The Know-It-All"" comes a fascinating and timely exploration of religion and the Bible.Raised in a secular family but increasingly interested in the relevance of faith in our modern world, A.J. Jacobs decides to dive in headfirst and attempt to obey the Bible as literally as possible for one full year. He vows to follow the Ten Commandments. To be fruitful and multiply. To love his neighbor. But also to obey the hundreds of less publicized rules: to avoid wearing clothes made of mixed fibers; to play a ten-string harp; to stone adulterers.The resulting spiritual journey is at once funny and profound, reverent and irreverent, personal and universal and will make you see history's most influential book with new eyes.Jacobs's quest transforms his life even more radically than the year spent reading the entire ""Encyclopedia Britannica"" for ""The Know-It-All."" His beard grows so unruly that he is regularly mistaken for a member of ZZ Top. He immerses himself in prayer, tends sheep in the Israeli desert, battles idolatry, and tells the absolute truth in all situations - much to his wife's chagrin.Throughout the book, Jacobs also embeds himself in a cross-section of communities that take the Bible literally. He tours a Kentucky-based creationist museum and sings hymns with Pennsylvania Amish. He dances with Hasidic Jews in Brooklyn and does Scripture study with Jehovah's Witnesses. He discovers ancient biblical wisdom of startling relevance. And he wrestles with seemingly archaic rules that baffle the twenty-first-century brain.Jacobs's extraordinary undertaking yields unexpected epiphanies and challenges. A book that will charm readers both secular and religious, ""The Year of Living Biblically"" is part Cliff Notes to the Bible, part memoir, and part look into worlds unimaginable. Thou shalt not be able to put it down. ...more",4a0b78598b42897a,0,https://books.toscrape.com/catalogue/the-year-of-living-biblically-one-mans-humble-quest-to-follow-the-bible-as-literally-as-possible_502/index.html
Toddlers Are A**holes: It's Not Your Fault,Humor,£25.55,One,In stock,"Toddler a**holery is a normal part of human development—not unlike puberty, except this stage involves throwing food on the floor and taking swings at people who pay your way in life. For parents of toddlers, it's a ""you better laugh so you don't cry"" period. Bunmi Laditan's hilarious, satirical guide to toddlerhood offers parents instant (and very welcome) comic relief—al Toddler a**holery is a normal part of human development—not unlike puberty, except this stage involves throwing food on the floor and taking swings at people who pay your way in life. For parents of toddlers, it's a ""you better laugh so you don't cry"" period. Bunmi Laditan's hilarious, satirical guide to toddlerhood offers parents instant (and very welcome) comic relief—along with the very good news that ""It's Not Your Fault."" Chapters cover the cost of raising a toddler, feeding your toddler, potty-training, tantrums, how to manage the holidays, and ""how not to die inside."" Parents will see themselves in the very funny sections on taking your toddler to restaurants (""One parent will spend their time walking your toddler around the restaurant and outside like a cocker spaniel, while the other, luckier parent will eat alone.""), Things You Thought You'd Never Say That You Now Say As a Parent of a Toddler (""I can tell you're pooping because your eyes are watering.""), and how to order pizza (""Spend $40 on pizza delivery. Listen to your toddler cry for 30 minutes about how the pizza is all wrong. Watch your toddler take a small bite of crust. Google 'can anger give you a heart attack?' Start the bedtime routine.""). Laditan's wildly funny voice has attracted hundreds of thousands of fans of Honest Toddler on social media; here she speaks parent-to-tired-parent, easing the pains and challenges of raising toddlers with a hefty dose of adult humor and wit.   ...more",4242cc3d0437db12,0,https://books.toscrape.com/catalogue/toddlers-are-aholes-its-not-your-fault_503/index.html
Under the Tuscan Sun,Travel,£37.33,Three,In stock,"A CLASSIC FROM THE BESTSELLING AUTHOR OF UNDER MAGNOLIAFrances Mayes—widely published poet, gourmet cook, and travel writer—opens the door to a wondrous new world when she buys and restores an abandoned villa in the spectacular Tuscan countryside. In evocative language, she brings the reader along as she discovers the beauty and simplicity of life in Italy. Mayes also crea A CLASSIC FROM THE BESTSELLING AUTHOR OF UNDER MAGNOLIAFrances Mayes—widely published poet, gourmet cook, and travel writer—opens the door to a wondrous new world when she buys and restores an abandoned villa in the spectacular Tuscan countryside. In evocative language, she brings the reader along as she discovers the beauty and simplicity of life in Italy. Mayes also creates dozens of delicious seasonal recipes from her traditional kitchen and simple garden, all of which she includes in the book. Doing for Tuscany what M.F.K. Fisher and Peter Mayle did for Provence, Mayes writes about the tastes and pleasures of a foreign country with gusto and passion. ...more",a94350ee74deaa07,0,https://books.toscrape.com/catalogue/under-the-tuscan-sun_504/index.html
Unreasonable Hope: Finding Faith in the God Who Brings Purpose to Your Pain,Spirituality,£46.33,Two,In stock,"Where was God when ____? How could God allow ____? Why? These are the questions that flood our hearts and minds when the unimaginable happens. When things go horribly wrong and the world seems to be unraveling, how do you believe in God s goodness? How do you cling to hope? Chad Veach directs readers away from cliched Sunday school answers that fail to offer real comfort o Where was God when ____? How could God allow ____? Why? These are the questions that flood our hearts and minds when the unimaginable happens. When things go horribly wrong and the world seems to be unraveling, how do you believe in God s goodness? How do you cling to hope? Chad Veach directs readers away from cliched Sunday school answers that fail to offer real comfort or provide faith-building insights. Instead, he draws from God s promises in the Bible and from the story of his own daughter s diagnosis of a devastating and debilitating disease to reveal simple, purposeful steps for dealing with pain. Resting in God s love, remembering his past faithfulness, and realizing the distinction between having faith and clinging to hope are just some of these steps. Veach reminds us that because we know who God is, we know there is hope."" ...more",48cb52d78c992487,0,https://books.toscrape.com/catalogue/unreasonable-hope-finding-faith-in-the-god-who-brings-purpose-to-your-pain_505/index.html
Wildlife of New York: A Five-Borough Coloring Book,Default,£22.14,Two,In stock,"Explore lively streets, scenic parks, and teeming waterfronts in Wildlife of New York, a coloring adventure that celebrates the vibrant, humming energy of New York City and its surprisingly varied animal life.Artist Giada Crispiels’ playful scenes highlight beloved landmarks from all five boroughs—like Central Park, Coney Island, and the New York Botanical Garden—alongside Explore lively streets, scenic parks, and teeming waterfronts in Wildlife of New York, a coloring adventure that celebrates the vibrant, humming energy of New York City and its surprisingly varied animal life.Artist Giada Crispiels’ playful scenes highlight beloved landmarks from all five boroughs—like Central Park, Coney Island, and the New York Botanical Garden—alongside charming neighborhood nooks and crannies. There are dozens of animals, from common squirrels to eagles and coyotes, that thrive in every corner of the urban jungle. The animals, as well as all of the featured locations, are described in lively captions at the back of the book.Selected to fit any reader’s preference, Wildlife of New York’s artist quality paper reflects any coloring implement’s hue—whether it be markers, pens, or coloring pencils—in arresting blends and bold vividness. Packed with enchanting details, it will provide hours of fun for colorists of all ages, while opening their eyes to the amazing ecological diversity of even the most bustling cityscape. ...more",b46d022080543144,0,https://books.toscrape.com/catalogue/wildlife-of-new-york-a-five-borough-coloring-book_507/index.html
What Happened on Beale Street (Secrets of the South Mysteries #2),Mystery,£25.37,Five,In stock,"What Happened on Beale Street is an exciting addition to the Secrets of the South Mysteries from bestselling author Mary Ellis. These standalone, complex crime dramas follow a private investigator's quest to make the world a better place...solving one case at a time.A cryptic plea for help from a childhood friend sends cousins Nate and Nicki Price from New Orleans to Memph What Happened on Beale Street is an exciting addition to the Secrets of the South Mysteries from bestselling author Mary Ellis. These standalone, complex crime dramas follow a private investigator's quest to make the world a better place...solving one case at a time.A cryptic plea for help from a childhood friend sends cousins Nate and Nicki Price from New Orleans to Memphis, the home of scrumptious barbecue and soulful blues music. When they arrive at Danny Andre's last known address, they discover signs of a struggle and a lifestyle not in keeping with the former choirboy they fondly remember.Danny's sister, Isabelle, reluctantly accepts their help. She and Nate aren't on the best of terms due to a complicated past, yet they will have to get beyond that if they want to save Danny.On top of Danny's alarming disappearance and his troubled relationship with Isabelle, Nate also has to rein in his favorite cousin's overzealousness as a new and eager PI. Confronted with a possible murder, mystery, and mayhem in the land of the Delta blues, Nate must rely on his faith and investigative experience to keep one or more of them from getting killed. ...more",9735c969c652dd89,0,https://books.toscrape.com/catalogue/what-happened-on-beale-street-secrets-of-the-south-mysteries-2_506/index.html
You Are a Badass: How to Stop Doubting Your Greatness and Start Living an Awesome Life,Self Help,£12.08,Three,In stock,"Bestselling author, speaker, and success coach Jen Sincero cuts through the din of the self-help genre with her own verbal meat cleaver. Full of blunt humor, sage advice, and the occasional swear word, You are a Badass offers its readers new opportunities for growth through 35 chapters of exercises, suggestions, and hilariously inspiring stories.From ""Fear is for Suckers"" Bestselling author, speaker, and success coach Jen Sincero cuts through the din of the self-help genre with her own verbal meat cleaver. Full of blunt humor, sage advice, and the occasional swear word, You are a Badass offers its readers new opportunities for growth through 35 chapters of exercises, suggestions, and hilariously inspiring stories.From ""Fear is for Suckers"" to ""Your Brain is Your Bitch"" these chapters provide enlightening lessons: How to stop doubting your greatness, how to love what you don't love about yourself, and how to tap into source energy to live a bigger life than you've ever imagined. ...more",88ec621893e595d0,0,https://books.toscrape.com/catalogue/you-are-a-badass-how-to-stop-doubting-your-greatness-and-start-living-an-awesome-life_508/index.html
"""Most Blessed of the Patriarchs"": Thomas Jefferson and the Empire of the Imagination",History,£44.48,Five,In stock,"Thomas Jefferson is often portrayed as a hopelessly enigmatic figure—a riddle—a man so riven with contradictions that he is almost impossible to know. Lauded as the most articulate voice of American freedom and equality, even as he held people—including his own family—in bondage, Jefferson is variably described as a hypocrite, an atheist, or a simple-minded proponent of li Thomas Jefferson is often portrayed as a hopelessly enigmatic figure—a riddle—a man so riven with contradictions that he is almost impossible to know. Lauded as the most articulate voice of American freedom and equality, even as he held people—including his own family—in bondage, Jefferson is variably described as a hypocrite, an atheist, or a simple-minded proponent of limited government who expected all Americans to be farmers forever.Now, Annette Gordon-Reed teams up with America's leading Jefferson scholar, Peter S. Onuf, to present an absorbing and revealing character study that dispels the many clichés that have accrued over the years about our third president. Challenging the widely prevalent belief that Jefferson remains so opaque as to be unknowable, the authors—through their careful analysis, painstaking research, and vivid prose—create a portrait of Jefferson, as he might have painted himself, one ""comprised of equal parts sun and shadow"" (Jane Kamensky).Tracing Jefferson's philosophical development from youth to old age, the authors explore what they call the ""empire"" of Jefferson's imagination—an expansive state of mind born of his origins in a slave society, his intellectual influences, and the vaulting ambition that propelled him into public life as a modern avatar of the Enlightenment who, at the same time, likened himself to a figure of old—""the most blessed of the patriarchs."" Indeed, Jefferson saw himself as a ""patriarch,"" not just to his country and mountain-like home at Monticello but also to his family, the white half that he loved so publicly, as well as to the black side that he claimed to love, a contradiction of extraordinary historical magnitude.Divided into three sections, ""Most Blessed of the Patriarchs"" reveals a striking personal dimension to his life. Part I, ""Patriarch,"" explores Jeffersons's origins in Virgina; Part II, "" 'Traveller,' "" covers his five-year sojourn to Paris; and Part III, ""Enthusiast,"" delves insightfully into the Virginian's views on Christianity, slavery, and race. We see not just his ideas and vision of America but come to know him in an almost familial way, such as through the importance of music in his life.""Most Blessed of the Patriarchs"" fundamentally challenges much of what we’ve come to accept about Jefferson, neither hypocrite nor saint, atheist nor fundamentalist. Gordon-Reed and Onuf, through a close reading of Jefferson’s own words, reintroduce us all to our most influential founding father: a man more gifted than most, but complicated in just the ways we all are. ...more",f16c2edb2a603f92,0,https://books.toscrape.com/catalogue/most-blessed-of-the-patriarchs-thomas-jefferson-and-the-empire-of-the-imagination_509/index.html
32 Yolks,Food and Drink,£53.63,Two,In stock,"For readers of Jacques Pépin’s The Apprentice and Marcus Samuelsson’s Yes, Chef, here is the coming-of-age story of a true French chef and international culinary icon. Before he earned three Michelin stars at Le Bernardin, won the James Beard Foundation Award for Outstanding Chef, or became a regular guest judge on Bravo’s Top Chef, and even before he knew how to make a pr For readers of Jacques Pépin’s The Apprentice and Marcus Samuelsson’s Yes, Chef, here is the coming-of-age story of a true French chef and international culinary icon. Before he earned three Michelin stars at Le Bernardin, won the James Beard Foundation Award for Outstanding Chef, or became a regular guest judge on Bravo’s Top Chef, and even before he knew how to make a proper omelet, Eric Ripert was a young boy in the South of France who felt that his world had come to an end. The only place Eric felt at home was in the kitchen. His desire to not only cook, but to become the best would lead him into some of the most celebrated and demanding restaurants in Paris. ...more",b1a227b7609ff263,0,https://books.toscrape.com/catalogue/32-yolks_510/index.html
"A Murder Over a Girl: Justice, Gender, Junior High",Nonfiction,£13.20,Three,In stock,"A psychologist's gripping, troubling, and moving exploration of the brutal murder of a possibly transgender middle school student by an eighth grade classmateOn Feb. 12, 2008, at E. O. Green Junior High in Oxnard, CA, 14-year-old Brandon McInerney shot and killed his classmate, Larry King, who had recently begun to call himself ""Leticia"" and wear makeup and jewelry to scho A psychologist's gripping, troubling, and moving exploration of the brutal murder of a possibly transgender middle school student by an eighth grade classmateOn Feb. 12, 2008, at E. O. Green Junior High in Oxnard, CA, 14-year-old Brandon McInerney shot and killed his classmate, Larry King, who had recently begun to call himself ""Leticia"" and wear makeup and jewelry to school.Profoundly shaken by the news, and unsettled by media coverage that sidestepped the issues of gender identity and of race integral to the case, psychologist Ken Corbett traveled to LA to attend the trial. As visions of victim and perpetrator were woven and unwoven in the theater of the courtroom, a haunting picture emerged not only of the two young teenagers, but also of spectators altered by an atrocity and of a community that had unwittingly gestated a murder. Drawing on firsthand observations, extensive interviews and research, as well as on his decades of academic work on gender and sexuality, Corbett holds each murky facet of this case up to the light, exploring the fault lines of memory and the lacunae of uncertainty behind facts. Deeply compassionate, and brimming with wit and acute insight, A Murder Over a Girl is a riveting and stranger-than-fiction drama of the human psyche. ...more",fef91502cbacf23a,0,https://books.toscrape.com/catalogue/a-murder-over-a-girl-justice-gender-junior-high_511/index.html
Being Mortal: Medicine and What Matters in the End,Nonfiction,£55.06,Four,In stock,"In Being Mortal, bestselling author Atul Gawande tackles the hardest challenge of his profession: how medicine can not only improve life but also the process of its ending.Medicine has triumphed in modern times, transforming birth, injury, and infectious disease from harrowing to manageable. But in the inevitable condition of aging and death, the goals of medicine seem too In Being Mortal, bestselling author Atul Gawande tackles the hardest challenge of his profession: how medicine can not only improve life but also the process of its ending.Medicine has triumphed in modern times, transforming birth, injury, and infectious disease from harrowing to manageable. But in the inevitable condition of aging and death, the goals of medicine seem too frequently to run counter to the interest of the human spirit. Nursing homes, preoccupied with safety, pin patients into railed beds and wheelchairs. Hospitals isolate the dying, checking for vital signs long after the goals of cure have become moot. Doctors, committed to extending life, continue to carry out devastating procedures that in the end extend suffering.Gawande, a practicing surgeon, addresses his profession’s ultimate limitation, arguing that quality of life is the desired goal for patients and families. Gawande offers examples of freer, more socially fulfilling models for assisting the infirm and dependent elderly, and he explores the varieties of hospice care to demonstrate that a person's last weeks or months may be rich and dignified.Full of eye-opening research and riveting storytelling, Being Mortal asserts that medicine can comfort and enhance our experience even to the end, providing not only a good life but also a good end. ...more",15ebd83e53d0391b,0,https://books.toscrape.com/catalogue/being-mortal-medicine-and-what-matters-in-the-end_512/index.html
Brazen: The Courage to Find the You That's Been Hiding,Nonfiction,£19.22,Two,In stock,"There are so many moments in life when we choose to silence our intuition, abandon our own voice, and play small because we wonder, deep down: ""Do I know who I really am? Is who I really am enough?"" It's courageous work to learn to live from our essential identity--loved, worthy, whole. But what if God is calling us to shamelessly recover the woman he created us to be? Wha There are so many moments in life when we choose to silence our intuition, abandon our own voice, and play small because we wonder, deep down: ""Do I know who I really am? Is who I really am enough?"" It's courageous work to learn to live from our essential identity--loved, worthy, whole. But what if God is calling us to shamelessly recover the woman he created us to be? What if God is urging us to be--for the first time in our lives--brazen? The word ""brazen"" means ""without shame."" Leeana Tankersley wants women to be just that--to unapologetically move from shame- and fear-based living toward lives that are based on love and belonging. With moving personal stories and spot-on observations of the longings we all experience--to know we are loved, to feel comfortable in our own skin, to be heard--Tankersley calls women to honor that voice deep down inside of them rather than bowing to outside influences that push them to become someone they're not. Gritty and overflowing with grace, Brazen will set women free to be truly themselves in a world bent on molding them in its image. ...more",77e9ea355bd8ae57,0,https://books.toscrape.com/catalogue/brazen-the-courage-to-find-the-you-thats-been-hiding_514/index.html
Brilliant Beacons: A History of the American Lighthouse,History,£11.45,Three,In stock,"Set against the backdrop of an expanding nation,Brilliant Beaconstraces the evolution of America's lighthouse system from its earliest days, highlighting the political, military, and technological battles fought to illuminate the nation's hardscrabble coastlines. Beginning with ""Boston Light,""America’s first lighthouse, Dolin shows how the story of America, from colony to Set against the backdrop of an expanding nation, Brilliant Beacons traces the evolution of America's lighthouse system from its earliest days, highlighting the political, military, and technological battles fought to illuminate the nation's hardscrabble coastlines. Beginning with ""Boston Light,"" America’s first lighthouse, Dolin shows how the story of America, from colony to regional backwater, to fledging nation, and eventually to global industrial power, can be illustrated through its lighthouses.Even in the colonial era, the question of how best to solve the collective problem of lighting our ports, reefs, and coasts through a patchwork of private interests and independent localities telegraphed the great American debate over federalism and the role of a centralized government. As the nation expanded, throughout the nineteenth and early twentieth centuries, so too did the coastlines in need of illumination, from New England to the Gulf of Mexico, the Great Lakes, the Pacific Coast all the way to Alaska. In Dolin's hands we see how each of these beacons tell its own story of political squabbling, technological advancement, engineering marvel, and individual derring-do.In rollicking detail, Dolin treats readers to a memorable cast of characters, from the penny-pinching Treasury official Stephen Pleasonton, who hamstrung the country's efforts to adopt the revolutionary Fresnel lens, to the indomitable Katherine Walker, who presided so heroically over New York Harbor as keeper at Robbins Reef Lighthouse that she was hailed as a genuine New York City folk hero upon her death in 1931. He also animates American military history from the Revolution to the Civil War and presents tales both humorous and harrowing of soldiers, saboteurs, Civil War battles, ruthless egg collectors, and, most important, the lighthouse keepers themselves, men and women who often performed astonishing acts of heroism in carrying out their duties.In the modern world of GPS and satellite-monitored shipping lanes, Brilliant Beacons forms a poignant elegy for the bygone days of the lighthouse, a symbol of American ingenuity that served as both a warning and a sign of hope for generations of mariners; and it also shows how these sentinels have endured, retaining their vibrancy to the present day. Containing over 150 photographs and illustrations, Brilliant Beacons vividly reframes America's history. ...more",7f5157bf53065d36,0,https://books.toscrape.com/catalogue/brilliant-beacons-a-history-of-the-american-lighthouse_515/index.html
Between the World and Me,Nonfiction,£56.91,Four,In stock,"“This is your country, this is your world, this is your body, and you must find some way to live within the all of it.”In a profound work that pivots from the biggest questions about American history and ideals to the most intimate concerns of a father for his son, Ta-Nehisi Coates offers a powerful new framework for understanding our nation’s history and current crisis. A “This is your country, this is your world, this is your body, and you must find some way to live within the all of it.”In a profound work that pivots from the biggest questions about American history and ideals to the most intimate concerns of a father for his son, Ta-Nehisi Coates offers a powerful new framework for understanding our nation’s history and current crisis. Americans have built an empire on the idea of “race,” a falsehood that damages us all but falls most heavily on the bodies of black women and men—bodies exploited through slavery and segregation, and, today, threatened, locked up, and murdered out of all proportion. What is it like to inhabit a black body and find a way to live within it? And how can we all honestly reckon with this fraught history and free ourselves from its burden?  Between the World and Me is Ta-Nehisi Coates’s attempt to answer these questions in a letter to his adolescent son. Coates shares with his son—and readers—the story of his awakening to the truth about his place in the world through a series of revelatory experiences, from Howard University to Civil War battlefields, from the South Side of Chicago to Paris, from his childhood home to the living rooms of mothers whose children’s lives were taken as American plunder. Beautifully woven from personal narrative, reimagined history, and fresh, emotionally charged reportage, Between the World and Me clearly illuminates the past, bracingly confronts our present, and offers a transcendent vision for a way forward. ...more",04e3de7ac35ec5cd,0,https://books.toscrape.com/catalogue/between-the-world-and-me_513/index.html
Death by Leisure: A Cautionary Tale,Default,£37.51,Four,In stock,"The hilariously intrepid young author of War Reporting for Cowards returns from Iraq only to dive head-first into another absurd, terrifying world: the American leisure class. Like Hunter Thompson crossed with one of David Brooks’s bobos in paradise, Ayres embeds himself in LA’s “liesuretocracy”: an over-the-top world of caviar facials, billionaire charity balls, souped-up The hilariously intrepid young author of War Reporting for Cowards returns from Iraq only to dive head-first into another absurd, terrifying world: the American leisure class. Like Hunter Thompson crossed with one of David Brooks’s bobos in paradise, Ayres embeds himself in LA’s “liesuretocracy”: an over-the-top world of caviar facials, billionaire charity balls, souped-up SUVs, and monster home loans . . . not to mention $1,000-a-night brothels and million-dollar poker tournaments. Ayres’s highly leveraged lifestyle lands him a surreal night with a supermodel, a date at Michael Jackson’s birthday party in Neverland Ranch (Ayres bribes the organizers five grand to get in), and a wife courtesy of Craigslist. But disaster is never far away. In the book’s brutal final section, Ayres is forced to confront the excesses of his generation at a scene of apocalyptic destruction: the Katrina-ravaged South. Told with a blend of offbeat irreverence, genuine pathos, and incisive social commentary, Death by Leisure is a savage and darkly humorous odyssey that taps directly into the contemporary psyche. ...more",4dbd54d9e36c9566,0,https://books.toscrape.com/catalogue/death-by-leisure-a-cautionary-tale_516/index.html
Diary of a Citizen Scientist: Chasing Tiger Beetles and Other New Ways of Engaging the World,Science,£28.41,One,In stock,"In the exploding world of citizen science, hundreds of thousands of volunteers are monitoring climate change, tracking bird migration, finding stardust for NASA, and excavating mastodons. The sheer number of citizen scientists, combined with new technology, has begun to shape how research is conducted. Non-professionals become acknowledged experts: dentists turn into astro In the exploding world of citizen science, hundreds of thousands of volunteers are monitoring climate change, tracking bird migration, finding stardust for NASA, and excavating mastodons. The sheer number of citizen scientists, combined with new technology, has begun to shape how research is conducted. Non-professionals become acknowledged experts: dentists turn into astronomers and accountants into botanists.Diary of a Citizen Scientist is a timely exploration of this phenomenon, told through the lens of nature writer Sharman Apt Russell’s yearlong study of a little-known species, the Western red-bellied tiger beetle. In a voice both humorous and lyrical, Russell recounts her persistent and joyful tracking of an insect she calls “charismatic,” “elegant,” and “fierce.” Patrolling the Gila River in southwestern New Mexico, collector’s net in hand, she negotiates the realities of climate change even as she celebrates the beauty of a still-wild and rural landscape.Russell’s self-awareness—of her occasionally-misplaced confidence, her quest to fill in “that blank spot on the map of tiger beetles,” and her desire to become newly engaged in her life—creates a portrait not only of the tiger beetle she tracks, but of the mindset behind self-driven scientific inquiry. Falling in love with the diversity of citizen science, she participates in crowdsourcing programs that range from cataloguing galaxies to monitoring the phenology of native plants, applauds the growing role of citizen science in environmental activism, and marvels at the profusion of projects around the world.Diary of a Citizen Scientist offers its readers a glimpse into the transformative properties of citizen science—and documents the transformation of the field as a whole. ...more",0c11e2d068768dbb,0,https://books.toscrape.com/catalogue/diary-of-a-citizen-scientist-chasing-tiger-beetles-and-other-new-ways-of-engaging-the-world_517/index.html
Future Shock (Future Shock #1),Young Adult,£55.65,Five,In stock,"What do you do when the future is too late, and the present is counting down to an inevitable moment?Elena Martinez has street smarts, the ability for perfect recall, and a deadline: if she doesn’t find a job before she turns eighteen, she’ll be homeless. But then she gets an unexpected offer from Aether Corporation, the powerful Los Angeles tech giant. Along with four oth What do you do when the future is too late, and the present is counting down to an inevitable moment?Elena Martinez has street smarts, the ability for perfect recall, and a deadline: if she doesn’t find a job before she turns eighteen, she’ll be homeless. But then she gets an unexpected offer from Aether Corporation, the powerful Los Angeles tech giant. Along with four other recruits—Adam, Chris, Trent, and Zoe—Elena is being sent on a secret mission to bring back data from the future. All they have to do is get Aether the information they need, and the five of them will be set for life. It’s an offer Elena can’t refuse.But something goes wrong when the time travelers arrive in the future. And they are forced to break the only rule they were given—not to look into their own fates. Now they have twenty-four hours to get back to the present and find a way to stop a seemingly inevitable future—and a murder—from happening. But changing the timeline has deadly consequences too. Who can Elena trust as she fights to save her life?The first book in an unforgettable series about rewriting your destiny in the city of dreams. ...more",df6a7c43faa6732b,0,https://books.toscrape.com/catalogue/future-shock-future-shock-1_519/index.html
Ender's Game (The Ender Quintet #1),Default,£43.64,One,In stock,"Andrew ""Ender"" Wiggin thinks he is playing computer simulated war games; he is, in fact, engaged in something far more desperate. The result of genetic experimentation, Ender may be the military genius Earth desperately needs in a war against an alien enemy seeking to destroy all human life. The only way to find out is to throw Ender into ever harsher training, to chip awa Andrew ""Ender"" Wiggin thinks he is playing computer simulated war games; he is, in fact, engaged in something far more desperate. The result of genetic experimentation, Ender may be the military genius Earth desperately needs in a war against an alien enemy seeking to destroy all human life. The only way to find out is to throw Ender into ever harsher training, to chip away and find the diamond inside, or destroy him utterly. Ender Wiggin is six years old when it begins. He will grow up fast.But Ender is not the only result of the experiment. The war with the Buggers has been raging for a hundred years, and the quest for the perfect general has been underway almost as long. Ender's two older siblings, Peter and Valentine, are every bit as unusual as he is, but in very different ways. While Peter was too uncontrollably violent, Valentine very nearly lacks the capability for violence altogether. Neither was found suitable for the military's purpose. But they are driven by their jealousy of Ender, and by their inbred drive for power. Peter seeks to control the political process, to become a ruler. Valentine's abilities turn more toward the subtle control of the beliefs of commoner and elite alike, through powerfully convincing essays. Hiding their youth and identities behind the anonymity of the computer networks, these two begin working together to shape the destiny of Earth-an Earth that has no future at all if their brother Ender fails.~from author's web site ...more",e049d44c4f1cf1b2,0,https://books.toscrape.com/catalogue/enders-game-the-ender-quintet-1_518/index.html
The Improbability of Love,Fiction,£59.45,One,In stock,"A dazzling, witty and tenderly savage satire of London life and the art world that is also a surprising and wonderful love story.When lovelorn Annie McDee stumbles across a dirty painting in a junk shop while looking for a present for an unsuitable man, she has no idea what she has discovered. Soon she finds herself drawn unwillingly into the tumultuous London art world, p A dazzling, witty and tenderly savage satire of London life and the art world that is also a surprising and wonderful love story.When lovelorn Annie McDee stumbles across a dirty painting in a junk shop while looking for a present for an unsuitable man, she has no idea what she has discovered. Soon she finds herself drawn unwillingly into the tumultuous London art world, populated by exiled Russian oligarchs, avaricious Sheikas, desperate auctioneers and unscrupulous dealers, all scheming to get their hands on her painting - a lost eighteenth-century masterpiece called ‘The Improbability of Love’. Delving into the painting’s past, Annie will uncover not just an illustrious list of former owners, but some of the darkest secrets of European history – and in doing so she might just learn to open up to the possibility of falling in love again. ...more",437d8dea9272d0a9,0,https://books.toscrape.com/catalogue/the-improbability-of-love_607/index.html
"The Sleep Revolution: Transforming Your Life, One Night at a Time",Nonfiction,£11.68,Four,In stock,"We are in the midst of a sleep deprivation crisis, writes Arianna Huffington, the co-founder and editor in chief of The Huffington Post. And this has profound consequences – on our health, our job performance, our relationships and our happiness. What is needed, she boldly asserts, is nothing short of a sleep revolution. Only by renewing our relationship with sleep can we We are in the midst of a sleep deprivation crisis, writes Arianna Huffington, the co-founder and editor in chief of The Huffington Post. And this has profound consequences – on our health, our job performance, our relationships and our happiness. What is needed, she boldly asserts, is nothing short of a sleep revolution.  Only by renewing our relationship with sleep can we take back control of our lives. In her bestseller Thrive, Arianna wrote about our need to redefine success through well-being, wisdom, wonder, and giving. Her discussion of the importance of sleep as a gateway to this more fulfilling way of living struck such a powerful chord that she realized the mystery and transformative power of sleep called for a fuller investigation. The result is a sweeping, scientifically rigorous, and deeply personal exploration of sleep from all angles, from the history of sleep, to the role of dreams in our lives, to the consequences of sleep deprivation, and the new golden age of sleep science that is revealing the vital role sleep plays in our every waking moment and every aspect of our health – from weight gain, diabetes, and heart disease to cancer and Alzheimer’s.   In The Sleep Revolution, Arianna shows how our cultural dismissal of sleep as time wasted compromises our health and our decision-making and undermines our work lives, our personal lives -- and even our sex lives. She explores all the latest science on what exactly is going on while we sleep and dream.  She takes on the dangerous sleeping pill industry, and all the ways our addiction to technology disrupts our sleep. She also offers a range of recommendations and tips from leading scientists on how we can get better and more restorative sleep, and harness its incredible power. In today's fast-paced, always-connected, perpetually-harried and sleep-deprived world, our need for a good night’s sleep is more important – and elusive -- than ever. The Sleep Revolution both sounds the alarm on our worldwide sleep crisis and provides a detailed road map to the great sleep awakening that can help   transform our lives, our communities, and our world. ...more",985991708c47003e,0,https://books.toscrape.com/catalogue/the-sleep-revolution-transforming-your-life-one-night-at-a-time_608/index.html
Hide Away (Eve Duncan #20),Mystery,£11.84,One,In stock,"Iris Johansen's beloved forensic sculptor Eve Duncan is back and now the stakes are higher than ever. Dramatic changes are on the horizon for Eve and Joe Quinn and their relationship may never be the same. Faced with the task of protecting Cara Delaney, a young girl with ruthless enemies who want to see her dead, Eve takes her away to the remote Scottish Highlands where th Iris Johansen's beloved forensic sculptor Eve Duncan is back and now the stakes are higher than ever. Dramatic changes are on the horizon for Eve and Joe Quinn and their relationship may never be the same. Faced with the task of protecting Cara Delaney, a young girl with ruthless enemies who want to see her dead, Eve takes her away to the remote Scottish Highlands where they join Jane MacGuire in search of a hidden treasure. But nowhere is far enough away to protect Cara from danger. With enemies closing in from all sides, Hide Away is a high-octane thriller that fans will not want to miss. ...more",bddc6fd036eb6279,0,https://books.toscrape.com/catalogue/hide-away-eve-duncan-20_620/index.html
Heaven is for Real: A Little Boy's Astounding Story of His Trip to Heaven and Back,Default,£52.86,Two,In stock,"A beautifully written glimpse into heaven that will encourage those who doubtand thrill those who believe.Ron Hall, coauthor of Same Kind of Different as MeDo you remember the hospital, Colton? Sonja said. Yes, mommy, I remember, he said. That s where theangels sang to me.When Colton Burpo made it through an emergency appendectomy, his familywas overjoyed at his miraculous A beautifully written glimpse into heaven that will encourage those who doubtand thrill those who believe.Ron Hall, coauthor of Same Kind of Different as MeDo you remember the hospital, Colton? Sonja said. Yes, mommy, I remember, he said. That s where theangels sang to me.When Colton Burpo made it through an emergency appendectomy, his familywas overjoyed at his miraculous survival. What they weren t expecting, though, was the story that emerged in the months that followed a story as beautiful as itwas extraordinary, detailing their little boy s trip to heaven and back.Colton, not yet four years old, told his parents he left his body during thesurgery and authenticated that claim by describing exactly what his parents weredoing in another part of the hospital while he was being operated on. He talked ofvisiting heaven and relayed stories told to him by people he met there whom hehad never met in life, sharing events that happened even before he was born. He also astonished his parents with descriptions and obscure details about heaven thatmatched the Bible exactly, though he had not yet learned to read.With disarming innocence and the plainspoken boldness of a child, Colton tells of meeting long-departed family members. He describes Jesus, the angels, how really, really big God is, and how much God loves us. Retold by his father, but using Colton s uniquely simple words, Heaven Is for Real offers a glimpseof the world that awaits us, where as Colton says, Nobody is old and nobodywears glasses.Heaven Is for Real will forever change the way you think of eternity, offeringthe chance to see, and believe, like a child."" ...more",d48c1369927ebef1,0,https://books.toscrape.com/catalogue/heaven-is-for-real-a-little-boys-astounding-story-of-his-trip-to-heaven-and-back_520/index.html
